chrom	start	end	summit	qval	signal
chr20	34876209	34876310	34876259	4.08225	318.22103
chr14	24271304	24271405	24271354	4.08225	305.37406
chr19	54137349	54137450	54137399	4.08225	284.91942
chr8	142777399	142777500	142777449	4.08225	264.94323
chr4	77076163	77076264	77076213	4.08225	256.33686
chr4	3836997	3837098	3837047	4.08225	248.48169
chr1	1919521	1919622	1919571	4.08225	247.4696
chr16	10744189	10744290	10744239	4.08225	240.06582
chr11	67421152	67421253	67421202	4.08225	233.12861
chr2	241356204	241356305	241356254	4.08225	229.48015
chr20	49278321	49278422	49278371	4.08225	229.09902
chr16	50153008	50153109	50153058	4.08225	223.73071
chr2	19348085	19348186	19348135	4.08225	213.98787
chr2	55617621	55617722	55617671	4.08225	213.6921
chr5	176647270	176647371	176647320	4.08225	211.97196
chr17	44200300	44200401	44200350	4.08225	209.86298
chr14	23007018	23007119	23007068	4.08225	209.42069
chr21	46635870	46635971	46635920	4.08225	206.65281
chr2	232697270	232697371	232697320	4.08225	205.78872
chr19	8525775	8525876	8525825	4.08225	201.53328
chr2	214809871	214809972	214809921	4.08225	201.14427
chr9	72365206	72365307	72365256	4.08225	201.08977
chr2	27890480	27890581	27890530	4.08225	199.54877
chr2	111120721	111120822	111120771	4.08225	195.50708
chr19	49363748	49363849	49363798	4.08225	194.59258
chr9	37079560	37079661	37079610	4.08225	189.42325
chr11	507145	507246	507195	4.08225	189.17776
chr14	23321298	23321399	23321348	4.08225	187.13512
chr16	29961912	29962013	29961962	4.08225	187.0011
chr19	16628247	16628348	16628297	4.08225	185.26007
chr16	31142339	31142440	31142389	4.08225	184.70319
chr17	63550380	63550481	63550430	4.08225	183.3666
chr6	30556371	30556472	30556421	4.08225	182.00323
chr14	104752740	104752841	104752790	4.08225	181.97345
chr14	23010246	23010347	23010296	4.08225	180.64848
chr12	49741556	49741657	49741606	4.08225	179.62807
chr2	86440962	86441063	86441012	4.08225	179.60132
chr8	142777599	142777700	142777649	4.08225	179.44947
chr14	74084647	74084748	74084697	4.08225	179.31998
chr1	52366326	52366427	52366376	4.08225	179.22783
chr6	2245523	2245624	2245573	4.08225	179.13758
chr20	31573012	31573113	31573062	4.08225	178.3387
chr22	42857389	42857490	42857439	4.08225	176.42097
chr20	34112180	34112281	34112230	4.08225	176.08357
chr11	76860775	76860876	76860825	4.08225	176.01962
chr14	35403854	35403955	35403904	4.08225	174.5663
chr3	38024857	38024958	38024907	4.08225	174.13965
chr16	87951100	87951201	87951150	4.08225	173.77225
chr19	703823	703924	703873	4.08225	172.73236
chr22	49960571	49960672	49960621	4.08225	172.42681
chr16	67846593	67846694	67846643	4.08225	171.19521
chr16	31459587	31459688	31459637	4.08225	170.52253
chr7	76359264	76359365	76359314	4.08225	170.26042
chr19	49128198	49128299	49128248	4.08225	169.3389
chr14	24195505	24195606	24195555	4.08225	169.27448
chr17	19648665	19648766	19648715	4.08225	168.69421
chr16	15154804	15154905	15154854	4.08225	165.54919
chr7	100673659	100673760	100673709	4.08225	165.38663
chr20	35092838	35092939	35092888	4.08225	165.27682
chr4	17577066	17577167	17577116	4.08225	164.15656
chr17	19362856	19362957	19362906	4.08225	163.55931
chr6	36547344	36547445	36547394	4.08225	163.05093
chr14	24442457	24442558	24442507	4.08225	161.36393
chr19	1275682	1275783	1275732	4.08225	160.32958
chr2	85538988	85539089	85539038	4.08225	159.42789
chr13	27621840	27621941	27621890	4.08225	158.46172
chr4	184649573	184649674	184649623	4.08225	158.44905
chr6	1311903	1312004	1311953	4.08225	157.97108
chr6	42939622	42939723	42939672	4.08225	157.88649
chr2	96335817	96335918	96335867	4.08225	157.51506
chr11	809684	809785	809734	4.08225	157.41697
chr2	24047338	24047439	24047388	4.08225	157.13342
chr17	38730135	38730236	38730185	4.08225	156.85029
chr8	37762636	37762737	37762686	4.08225	156.33291
chr1	65420291	65420392	65420341	4.08225	156.17511
chr2	207625254	207625355	207625304	4.08225	155.90841
chr5	172188391	172188492	172188441	4.08225	155.55889
chr16	89972730	89972831	89972780	4.08225	154.74101
chr19	9819167	9819268	9819217	4.08225	154.73569
chr20	49219397	49219498	49219447	4.08225	154.58945
chr10	100912959	100913060	100913009	4.08225	153.88454
chr2	217903000	217903101	217903050	4.08225	152.86923
chr16	2215158	2215259	2215208	4.08225	152.28233
chr6	31902366	31902467	31902416	4.08225	152.04059
chr2	99490242	99490343	99490292	4.08225	151.89452
chr2	127293940	127294041	127293990	4.08225	151.63023
chr8	140464620	140464721	140464670	4.08225	151.50403
chr16	75245322	75245423	75245372	4.08225	151.42442
chr20	266887	266988	266937	4.08225	151.22901
chr14	39763096	39763197	39763146	4.08225	151.20346
chr2	69437243	69437344	69437293	4.08225	150.97957
chr2	95121922	95122023	95121972	4.08225	150.89993
chr1	182839441	182839542	182839491	4.08225	150.81468
chr11	3422955	3423056	3423005	4.08225	150.50783
chr1	24643114	24643215	24643164	4.08225	150.29696
chr20	3820313	3820414	3820363	4.08225	149.9971
chr20	32109654	32109755	32109704	4.08225	149.92527
chr3	100260842	100260943	100260892	4.08225	149.51237
chr20	348022	348123	348072	4.08225	149.50538
chr20	17570248	17570349	17570298	4.08225	149.45179
chr20	34824863	34824964	34824913	4.08225	149.19187
chr20	50112992	50113093	50113042	4.08225	148.80494
chr5	134904735	134904836	134904785	4.08225	148.63732
chr14	24213310	24213411	24213360	4.08225	148.57295
chr16	4937240	4937341	4937290	4.08225	148.19094
chr14	35809196	35809297	35809246	4.08225	148.18977
chr19	5720310	5720411	5720360	4.08225	148.1796
chr13	48037816	48037917	48037866	4.08225	147.62235
chr14	34982711	34982812	34982761	4.08225	147.59566
chr20	35616655	35616756	35616705	4.08225	147.27166
chr16	67184053	67184154	67184103	4.08225	147.26748
chr12	6904794	6904895	6904844	4.08225	147.24341
chr20	25624135	25624236	25624185	4.08225	147.13962
chr7	150383802	150383903	150383852	4.08225	147.01042
chr2	46915984	46916085	46916034	4.08225	146.92459
chr9	14322624	14322725	14322674	4.08225	146.86401
chr3	149129612	149129713	149129662	4.08225	145.99801
chr19	39412276	39412377	39412326	4.08225	145.71723
chr1	179026145	179026246	179026195	4.08225	145.41545
chr6	30647566	30647667	30647616	4.08225	145.38913
chr2	162344257	162344358	162344307	4.08225	144.74562
chr9	35161852	35161953	35161902	4.08225	144.72294
chr20	33732224	33732325	33732274	4.08225	144.71872
chr7	101154413	101154514	101154463	4.08225	144.51059
chr19	43668780	43668881	43668830	4.08225	144.48777
chr6	116100856	116100957	116100906	4.08225	144.3598
chr19	17226436	17226537	17226486	4.08225	144.25666
chr4	83284623	83284724	83284673	4.08225	143.43105
chr19	43463531	43463632	43463581	4.08225	143.37498
chr17	69326987	69327088	69327037	4.08225	143.25175
chr19	7871812	7871913	7871862	4.08225	143.2333
chr20	25195826	25195927	25195876	4.08225	142.91004
chr3	113019517	113019618	113019567	4.08225	142.42178
chr4	75514396	75514497	75514446	4.08225	142.20204
chr1	45303857	45303958	45303907	4.08225	142.1153
chr11	63986571	63986672	63986621	4.08225	141.9421
chr6	134175080	134175181	134175130	4.08225	141.86836
chr6	11324274	11324375	11324324	4.08225	141.70636
chr16	23452834	23452935	23452884	4.08225	141.33099
chr8	144372990	144373091	144373040	4.08225	140.77458
chr6	13814135	13814236	13814185	4.08225	140.71059
chr6	63572267	63572368	63572317	4.08225	140.3353
chr2	189674568	189674669	189674618	4.08225	140.30083
chr5	139198339	139198440	139198389	4.08225	140.25748
chr16	29805638	29805739	29805688	4.08225	139.94952
chr1	157138546	157138647	157138596	4.08225	139.94604
chr6	5261086	5261187	5261136	4.08225	139.74637
chr10	101061119	101061220	101061169	4.08225	139.05641
chr20	11891187	11891288	11891237	4.08225	138.821
chr13	49936481	49936582	49936531	4.08225	138.81334
chr6	39114928	39115029	39114978	4.08225	138.48088
chr6	159762182	159762283	159762232	4.08225	138.43379
chr2	86195149	86195250	86195199	4.08225	138.15211
chr10	14954232	14954333	14954282	4.08225	138.1099
chr7	30284579	30284680	30284629	4.08225	138.0233
chr14	22903221	22903322	22903271	4.08225	137.86906
chr1	154936535	154936636	154936585	4.08225	137.81165
chr1	111755656	111755757	111755706	4.08225	137.80603
chr11	64241337	64241438	64241387	4.08225	137.74076
chr11	61967554	61967655	61967604	4.08225	137.57703
chr14	63641759	63641860	63641809	4.08225	137.3389
chr20	32465657	32465758	32465707	4.08225	137.28496
chr16	29926315	29926416	29926365	4.08225	136.88603
chr16	89217436	89217537	89217486	4.08225	136.38571
chr2	112584528	112584629	112584578	4.08225	136.38154
chr16	30922487	30922588	30922537	4.08225	136.35123
chr3	184174765	184174866	184174815	4.08225	136.00476
chrX	154516233	154516334	154516283	4.08225	135.99006
chr3	49469968	49470069	49470018	4.08225	135.7243
chr19	54464305	54464406	54464355	4.08225	135.40163
chr14	105490953	105491054	105491003	4.08225	134.79334
chr2	203014891	203014992	203014941	4.08225	134.77818
chr1	147599963	147600064	147600013	4.08225	134.39269
chr16	89822552	89822653	89822602	4.08225	133.93906
chr1	193105320	193105421	193105370	4.08225	133.92262
chr3	81761430	81761531	81761480	4.08225	133.85555
chr20	5119621	5119722	5119671	4.08225	133.76644
chr16	13270140	13270241	13270190	4.08225	133.37124
chr10	78033876	78033977	78033926	4.08225	133.29625
chr15	101724301	101724402	101724351	4.08225	133.28702
chr12	106774112	106774213	106774162	4.08225	133.16867
chr20	408144	408245	408194	4.08225	132.84205
chr20	35411833	35411934	35411883	4.08225	132.71172
chr16	66406732	66406833	66406782	4.08225	132.69251
chr6	146543613	146543714	146543663	4.08225	132.43591
chr3	25790061	25790162	25790111	4.08225	132.2246
chr20	50165953	50166054	50166003	4.08225	132.15061
chr13	51803919	51804020	51803969	4.08225	132.00443
chr16	14405985	14406086	14406035	4.08225	131.82434
chr6	52995549	52995650	52995599	4.08225	131.78789
chr6	149717997	149718098	149718047	4.08225	131.7836
chr3	47782017	47782118	47782067	4.08225	131.52114
chr17	39737995	39738096	39738045	4.08225	131.50863
chr1	248906403	248906504	248906453	4.08225	131.41189
chr14	104736389	104736490	104736439	4.08225	131.37746
chr6	113858971	113859072	113859021	4.08225	131.26824
chr8	23246756	23246857	23246806	4.08225	131.15489
chr17	43398991	43399092	43399041	4.08225	131.1028
chr17	44070903	44071004	44070953	4.08225	131.03818
chr1	46247251	46247352	46247301	4.08225	131.01636
chr19	11375019	11375120	11375069	4.08225	130.92057
chr17	75131688	75131789	75131738	4.08225	130.9168
chr1	19312227	19312328	19312277	4.08225	130.66158
chr20	38926411	38926512	38926461	4.08225	130.56341
chr19	1812710	1812811	1812760	4.08225	130.20034
chr16	22297472	22297573	22297522	4.08225	130.18405
chr19	47600623	47600724	47600673	4.08225	129.75624
chr3	190513902	190514003	190513952	4.08225	129.59817
chr2	32063471	32063572	32063521	4.08225	129.54596
chr16	1983927	1984028	1983977	4.08225	129.42551
chr17	74872898	74872999	74872948	4.08225	129.13546
chr8	123274834	123274935	123274884	4.08225	129.09627
chr9	124771335	124771436	124771385	4.08225	128.95313
chr2	26764291	26764392	26764341	4.08225	128.84743
chr2	218659703	218659804	218659753	4.08225	128.80243
chr16	84014369	84014470	84014419	4.08225	128.77243
chr10	133308902	133309003	133308952	4.08225	128.67697
chr17	68200895	68200996	68200945	4.08225	128.55346
chr19	15125504	15125605	15125554	4.08225	128.35743
chr2	112542441	112542542	112542491	4.08225	128.33106
chr11	126062907	126063008	126062957	4.08225	128.1003
chr7	149262108	149262209	149262158	4.08225	128.06881
chr6	31403630	31403731	31403680	4.08225	128.00622
chr14	49768007	49768108	49768057	4.08225	127.98596
chr17	39864169	39864270	39864219	4.08225	127.75067
chr20	46406323	46406424	46406373	4.08225	127.70579
chr7	91940737	91940838	91940787	4.08225	127.55694
chr19	51362861	51362962	51362911	4.08225	127.29456
chr12	103965782	103965883	103965832	4.08225	127.1138
chr2	54115686	54115787	54115736	4.08225	127.09381
chr6	52362043	52362144	52362093	4.08225	127.08188
chr10	84328584	84328685	84328634	4.08225	127.07021
chr2	218398042	218398143	218398092	4.08225	127.02999
chr16	89923264	89923365	89923314	4.08225	127.02734
chr7	100444557	100444658	100444607	4.08225	126.99405
chr18	70205712	70205813	70205762	4.08225	126.70808
chr9	37079813	37079914	37079863	4.08225	126.37573
chr2	120013270	120013371	120013320	4.08225	126.32189
chr6	157021593	157021694	157021643	4.08225	126.04148
chr9	136944658	136944759	136944708	4.08225	126.01278
chr15	101652185	101652286	101652235	4.08225	125.86488
chr20	43507571	43507672	43507621	4.08225	125.71849
chr19	1249364	1249465	1249414	4.08225	125.71627
chr2	61694677	61694778	61694727	4.08225	125.64193
chr5	98929218	98929319	98929268	4.08225	125.62283
chr4	1802444	1802545	1802494	4.08225	125.61171
chr21	39313689	39313790	39313739	4.08225	125.58624
chr1	92832033	92832134	92832083	4.08225	125.53811
chr14	73760269	73760370	73760319	4.08225	125.4966
chr1	44800156	44800257	44800206	4.08225	125.39902
chr17	68383536	68383637	68383586	4.08225	125.30543
chr16	21953295	21953396	21953345	4.08225	125.23585
chr2	241734621	241734722	241734671	4.08225	125.23545
chr2	190534545	190534646	190534595	4.08225	125.15962
chr17	42276598	42276699	42276648	4.08225	125.12944
chr3	123067013	123067114	123067063	4.08225	124.9376
chr17	68456934	68457035	68456984	4.08225	124.92824
chr6	53061727	53061828	53061777	4.08225	124.71799
chr14	39114365	39114466	39114415	4.08225	124.56267
chr16	87951316	87951417	87951366	4.08225	124.26544
chr17	4731553	4731654	4731603	4.08225	124.12876
chr22	23894300	23894401	23894350	4.08225	124.11275
chr2	19348286	19348387	19348336	4.08225	124.08342
chr1	19882427	19882528	19882477	4.08225	124.05599
chr17	82098610	82098711	82098660	4.08225	124.02204
chr3	33798598	33798699	33798648	4.08225	123.75599
chr1	19485835	19485936	19485885	4.08225	123.70322
chr15	74938073	74938174	74938123	4.08225	123.5096
chr2	238239949	238240050	238239999	4.08225	123.36426
chr2	96556911	96557012	96556961	4.08225	123.32579
chr20	1118705	1118806	1118755	4.08225	123.21977
chr10	15097269	15097370	15097319	4.08225	123.12774
chr12	2004314	2004415	2004364	4.08225	122.81323
chr11	65720583	65720684	65720633	4.08225	122.7084
chr3	50260102	50260203	50260152	4.08225	122.67112
chr6	30214357	30214458	30214407	4.08225	122.62987
chr1	165630855	165630956	165630905	4.08225	122.61944
chr6	113971248	113971349	113971298	4.08225	122.52526
chr21	41954145	41954246	41954195	4.08225	122.52008
chr20	62667006	62667107	62667056	4.08225	122.46991
chr20	18497176	18497277	18497226	4.08225	122.45591
chr4	102869015	102869116	102869065	4.08225	122.39324
chr9	36190945	36191046	36190995	4.08225	122.20381
chr16	75433213	75433314	75433263	4.08225	121.74147
chr10	102450467	102450568	102450517	4.08225	121.70312
chr21	33324783	33324884	33324833	4.08225	121.65337
chr3	49940156	49940257	49940206	4.08225	121.58471
chr6	26285519	26285620	26285569	4.08225	121.51872
chr2	131492860	131492961	131492910	4.08225	121.50372
chr19	50330794	50330895	50330844	4.08225	121.49543
chr7	12211349	12211450	12211399	4.08225	121.30555
chr20	50189203	50189304	50189253	4.08225	121.24512
chr14	94599309	94599410	94599359	4.08225	121.23925
chr8	144501103	144501204	144501153	4.08225	121.20973
chr3	23945922	23946023	23945972	4.08225	121.20215
chr9	35604196	35604297	35604246	4.08225	121.19799
chr17	58692597	58692698	58692647	4.08225	121.17939
chr16	5098541	5098642	5098591	4.08225	120.88317
chr15	40564932	40565033	40564982	4.08225	120.80361
chr15	44663441	44663542	44663491	4.08225	120.78053
chr22	24593029	24593130	24593079	4.08225	120.77622
chr7	28955981	28956082	28956031	4.08225	120.73476
chr17	28902956	28903057	28903006	4.08225	120.72583
chr16	19067834	19067935	19067884	4.08225	120.50649
chr3	23946166	23946267	23946216	4.08225	119.93812
chr11	9364369	9364470	9364419	4.08225	119.92614
chr7	26201031	26201132	26201081	4.08225	119.90924
chr2	41841071	41841172	41841121	4.08225	119.86502
chr6	33208520	33208621	33208570	4.08225	119.81108
chr17	82317689	82317790	82317739	4.08225	119.78982
chr12	123233232	123233333	123233282	4.08225	119.78916
chr5	173328355	173328456	173328405	4.08225	119.76618
chr17	68462974	68463075	68463024	4.08225	119.63358
chr11	2700192	2700293	2700242	4.08225	119.61689
chr3	48663893	48663994	48663943	4.08225	119.60273
chr17	7329403	7329504	7329453	4.08225	119.49472
chr19	36838130	36838231	36838180	4.08225	119.48104
chr17	76003431	76003532	76003481	4.08225	119.43811
chr16	87869414	87869515	87869464	4.08225	119.43304
chr16	67660420	67660521	67660470	4.08225	119.34389
chr17	39739462	39739563	39739512	4.08225	119.28595
chr9	15511006	15511107	15511056	4.08225	119.19126
chr16	1984127	1984228	1984177	4.08225	119.17085
chr16	2882856	2882957	2882906	4.08225	119.13304
chr17	81035106	81035207	81035156	4.08225	119.04655
chr17	30292068	30292169	30292118	4.08225	119.03393
chr16	4624640	4624741	4624690	4.08225	118.96754
chr9	136363366	136363467	136363416	4.08225	118.96496
chr1	230714458	230714559	230714508	4.08225	118.94795
chr8	28411950	28412051	28412000	4.08225	118.91434
chr4	3784999	3785100	3785049	4.08225	118.90058
chr20	64255755	64255856	64255805	4.08225	118.87595
chr13	41194427	41194528	41194477	4.08225	118.83497
chr5	157731565	157731666	157731615	4.08225	118.71165
chr12	55928014	55928115	55928064	4.08225	118.52242
chr10	119104191	119104292	119104241	4.08225	118.48507
chr2	241558787	241558888	241558837	4.08225	118.30413
chr19	50148196	50148297	50148246	4.08225	118.12068
chr16	88509050	88509151	88509100	4.08225	118.04458
chr19	5804042	5804143	5804092	4.08225	117.85025
chr17	1516840	1516941	1516890	4.08225	117.81079
chr1	59296756	59296857	59296806	4.08225	117.75986
chr9	137086648	137086749	137086698	4.08225	117.7491
chr7	21427559	21427660	21427609	4.08225	117.71908
chr20	50440665	50440766	50440715	4.08225	117.60786
chr19	6476628	6476729	6476678	4.08225	117.48458
chr19	49149366	49149467	49149416	4.08225	117.24406
chr10	119178613	119178714	119178663	4.08225	117.12494
chr2	113756520	113756621	113756570	4.08225	117.10471
chr9	133459596	133459697	133459646	4.08225	117.03845
chr21	43719266	43719367	43719316	4.08225	117.0178
chr1	112956288	112956389	112956338	4.08225	116.8902
chr16	56932115	56932216	56932165	4.08225	116.78248
chr2	27086782	27086883	27086832	4.08225	116.69081
chr14	37172245	37172346	37172295	4.08225	116.49409
chr2	55232765	55232866	55232815	4.08225	116.48059
chr9	137441560	137441661	137441610	4.08225	116.47954
chr10	102642317	102642418	102642367	4.08225	116.33574
chr14	51989540	51989641	51989590	4.08225	116.30249
chr9	127224503	127224604	127224553	4.08225	116.21492
chr1	43707597	43707698	43707647	4.08225	116.12024
chr16	30096173	30096274	30096223	4.08225	116.10606
chr12	56104358	56104459	56104408	4.08225	116.09002
chr4	174283616	174283717	174283666	4.08225	116.05001
chr6	138773548	138773649	138773598	4.08225	116.04018
chr4	3831235	3831336	3831285	4.08225	116.00728
chr19	5790854	5790955	5790904	4.08225	115.96771
chr16	4624893	4624994	4624943	4.08225	115.92321
chr11	93784317	93784418	93784367	4.08225	115.83292
chr2	46409119	46409220	46409169	4.08225	115.83141
chr10	74176669	74176770	74176719	4.08225	115.81335
chr4	9152649	9152750	9152699	4.08225	115.77616
chr22	37569523	37569624	37569573	4.08225	115.70117
chr20	33009567	33009668	33009617	4.08225	115.55631
chr2	32356835	32356936	32356885	4.08225	115.37333
chr11	65418812	65418913	65418862	4.08225	115.31258
chr8	144508844	144508945	144508894	4.08225	115.24325
chr10	21533921	21534022	21533971	4.08225	115.24054
chr12	49623279	49623380	49623329	4.08225	115.19433
chr17	63741666	63741767	63741716	4.08225	115.17698
chr1	156601401	156601502	156601451	4.08225	115.16128
chr14	23286362	23286463	23286412	4.08225	115.12791
chr19	58572866	58572967	58572916	4.08225	115.09097
chr3	191329334	191329435	191329384	4.08225	115.08433
chr17	82104125	82104226	82104175	4.08225	114.86188
chr3	170870088	170870189	170870138	4.08225	114.79501
chr12	48852056	48852157	48852106	4.08225	114.78889
chr6	30066975	30067076	30067025	4.08225	114.69368
chr8	95269296	95269397	95269346	4.08225	114.56906
chr2	197516108	197516209	197516158	4.08225	114.41058
chr6	143511364	143511465	143511414	4.08225	114.38141
chr4	2801077	2801178	2801127	4.08225	114.35903
chr2	43595864	43595965	43595914	4.08225	114.29827
chr15	74615872	74615973	74615922	4.08225	114.21772
chr2	210002775	210002876	210002825	4.08225	114.20173
chr16	57280073	57280174	57280123	4.08225	114.13312
chr2	241701657	241701758	241701707	4.08225	114.1125
chr11	121459653	121459754	121459703	4.08225	114.0502
chr20	35327375	35327476	35327425	4.08225	114.022
chr18	74292224	74292325	74292274	4.08225	113.95199
chr13	30408578	30408679	30408628	4.08225	113.93587
chr19	36054715	36054816	36054765	4.08225	113.9197
chr3	48446847	48446948	48446897	4.08225	113.89849
chr22	19731038	19731139	19731088	4.08225	113.87946
chr2	47272501	47272602	47272551	4.08225	113.80224
chr17	81713873	81713974	81713923	4.08225	113.65091
chr2	85595461	85595562	85595511	4.08225	113.64008
chr14	37596318	37596419	37596368	4.08225	113.61649
chr9	5833008	5833109	5833058	4.08225	113.6033
chr2	231681427	231681528	231681477	4.08225	113.39025
chr16	85515111	85515212	85515161	4.08225	113.36775
chr4	86934998	86935099	86935048	4.08225	113.16738
chr1	113904985	113905086	113905035	4.08225	113.12117
chr17	47189140	47189241	47189190	4.08225	112.92905
chr12	30754858	30754959	30754908	4.08225	112.85973
chr1	113905191	113905292	113905241	4.08225	112.75566
chr17	81926451	81926552	81926501	4.08225	112.62082
chr8	30727859	30727960	30727909	4.08225	112.58713
chr1	161021007	161021108	161021057	4.08225	112.50455
chr3	52198018	52198119	52198068	4.08225	112.49916
chr9	135994394	135994495	135994444	4.08225	112.43189
chr14	105301172	105301273	105301222	4.08225	112.40348
chr11	64317425	64317526	64317475	4.08225	112.38961
chr16	56607201	56607302	56607251	4.08225	112.31987
chr10	96043582	96043683	96043632	4.08225	112.31001
chr15	58933525	58933626	58933575	4.08225	112.2814
chr6	43806464	43806565	43806514	4.08225	112.25229
chrX	1392386	1392487	1392436	4.08225	112.24994
chr17	40648021	40648122	40648071	4.08225	112.22841
chr15	64381387	64381488	64381437	4.08225	112.18344
chr19	45467717	45467818	45467767	4.08225	112.13285
chr10	96043370	96043471	96043420	4.08225	112.01118
chr5	38845887	38845988	38845937	4.08225	111.95994
chr20	25585423	25585524	25585473	4.08225	111.94144
chr7	45888543	45888644	45888593	4.08225	111.92967
chr4	56435969	56436070	56436019	4.08225	111.92706
chr2	10302816	10302917	10302866	4.08225	111.91355
chr6	10723117	10723218	10723167	4.08225	111.89837
chr1	8212007	8212108	8212057	4.08225	111.89528
chr19	14496433	14496534	14496483	4.08225	111.88609
chr16	70428385	70428486	70428435	4.08225	111.8297
chr5	55934284	55934385	55934334	4.08225	111.79546
chr17	75035036	75035137	75035086	4.08225	111.72984
chr17	58381263	58381364	58381313	4.08225	111.70263
chr17	76027339	76027440	76027389	4.08225	111.69346
chr2	48315232	48315333	48315282	4.08225	111.61118
chr2	20180078	20180179	20180128	4.08225	111.53336
chr18	11980816	11980917	11980866	4.08225	111.5207
chr13	32031321	32031422	32031371	4.08225	111.48167
chr19	18001251	18001352	18001301	4.08225	111.38609
chr13	21603961	21604062	21604011	4.08225	111.31531
chr12	106774331	106774432	106774381	4.08225	111.22344
chr17	59106727	59106828	59106777	4.08225	111.22146
chr6	8064129	8064230	8064179	4.08225	111.20824
chr12	130871898	130871999	130871948	4.08225	111.20805
chr11	1219993	1220094	1220043	4.08225	111.05019
chr15	99104899	99105000	99104949	4.08225	110.93861
chr10	109923510	109923611	109923560	4.08225	110.90887
chr10	32056254	32056355	32056304	4.08225	110.83636
chr1	56508605	56508706	56508655	4.08225	110.75124
chr2	42978512	42978613	42978562	4.08225	110.65334
chr4	170026452	170026553	170026502	4.08225	110.63287
chr16	77722518	77722619	77722568	4.08225	110.60874
chr11	18634556	18634657	18634606	4.08225	110.60629
chr7	143836660	143836761	143836710	4.08225	110.48536
chr5	132556878	132556979	132556928	4.08225	110.42392
chr20	54067798	54067899	54067848	4.08225	110.32861
chr1	197902706	197902807	197902756	4.08225	110.32438
chr20	45934809	45934910	45934859	4.08225	110.24911
chr16	23453034	23453135	23453084	4.08225	110.21979
chr1	31715539	31715640	31715589	4.08225	110.15676
chr1	40257958	40258059	40258008	4.08225	110.06201
chr3	14124632	14124733	14124682	4.08225	110.05954
chr20	50645469	50645570	50645519	4.08225	110.0267
chr20	43558853	43558954	43558903	4.08225	110.015
chr1	212608684	212608785	212608734	4.08225	110.00947
chr2	241637701	241637802	241637751	4.08225	109.98527
chr12	583413	583514	583463	4.08225	109.97172
chr20	50153565	50153666	50153615	4.08225	109.96643
chr10	60778411	60778512	60778461	4.08225	109.84046
chr20	3768021	3768122	3768071	4.08225	109.76784
chr4	24584697	24584798	24584747	4.08225	109.7051
chr5	180071846	180071947	180071896	4.08225	109.69881
chr17	61927719	61927820	61927769	4.08225	109.68152
chr4	67701016	67701117	67701066	4.08225	109.67195
chr16	69132415	69132516	69132465	4.08225	109.64371
chr22	31055768	31055869	31055818	4.08225	109.58237
chr15	60479189	60479290	60479239	4.08225	109.51928
chr3	51942152	51942253	51942202	4.08225	109.42714
chr3	150546552	150546653	150546602	4.08225	109.42299
chr14	37602923	37603024	37602973	4.08225	109.39961
chr16	679335	679436	679385	4.08225	109.30948
chr7	4642033	4642134	4642083	4.08225	109.29494
chr19	1021324	1021425	1021374	4.08225	109.28006
chr1	2412737	2412838	2412787	4.08225	109.25209
chr2	131672806	131672907	131672856	4.08225	109.18376
chr15	45023175	45023276	45023225	4.08225	109.16608
chr1	26914227	26914328	26914277	4.08225	109.11638
chr20	25751221	25751322	25751271	4.08225	108.92199
chr1	32351536	32351637	32351586	4.08225	108.91806
chr5	78360433	78360534	78360483	4.08225	108.91575
chr15	56887392	56887493	56887442	4.08225	108.8645
chr2	218444793	218444894	218444843	4.08225	108.82996
chr20	46364249	46364350	46364299	4.08225	108.82683
chr12	53380122	53380223	53380172	4.08225	108.80935
chr2	3558552	3558653	3558602	4.08225	108.79539
chr20	21303447	21303548	21303497	4.08225	108.77949
chr17	68020179	68020280	68020229	4.08225	108.73463
chr18	48902236	48902337	48902286	4.08225	108.70119
chr11	18526620	18526721	18526670	4.08225	108.62594
chr20	37095808	37095909	37095858	4.08225	108.58207
chr20	33443684	33443785	33443734	4.08225	108.58057
chrX	23743201	23743302	23743251	4.08225	108.54182
chr6	75601955	75602056	75602005	4.08225	108.51426
chr10	14959603	14959704	14959653	4.08225	108.42145
chr19	55605399	55605500	55605449	4.08225	108.37095
chr8	119873639	119873740	119873689	4.08225	108.34076
chr11	16738479	16738580	16738529	4.08225	108.20231
chr2	85469153	85469254	85469203	4.08225	108.17044
chr14	31207841	31207942	31207891	4.08225	108.11966
chr2	208254203	208254304	208254253	4.08225	108.11451
chr11	65663029	65663130	65663079	4.08225	108.07661
chr16	31700773	31700874	31700823	4.08225	108.04406
chr9	128115294	128115395	128115344	4.08225	108.04204
chr11	67630424	67630525	67630474	4.08225	108.01364
chr8	60516869	60516970	60516919	4.08225	107.90579
chr16	30997228	30997329	30997278	4.08225	107.81767
chr12	122984807	122984908	122984857	4.08225	107.77388
chr16	69424696	69424797	69424746	4.08225	107.73173
chr17	4940043	4940144	4940093	4.08225	107.66806
chr17	76138818	76138919	76138868	4.08225	107.59016
chr8	41578092	41578193	41578142	4.08225	107.54094
chr15	30991592	30991693	30991642	4.08225	107.50366
chr2	20593470	20593571	20593520	4.08225	107.4293
chr14	34693417	34693518	34693467	4.08225	107.41809
chr17	46772058	46772159	46772108	4.08225	107.41265
chr6	111259170	111259271	111259220	4.08225	107.37503
chr4	6909616	6909717	6909666	4.08225	107.27245
chr14	34060266	34060367	34060316	4.08225	107.06373
chr7	143288373	143288474	143288423	4.08225	107.03134
chr6	157531452	157531553	157531502	4.08225	107.02614
chr21	45427621	45427722	45427671	4.08225	106.96994
chr16	18926641	18926742	18926691	4.08225	106.9351
chr3	10508756	10508857	10508806	4.08225	106.91006
chr6	30326952	30327053	30327002	4.08225	106.88502
chr1	156471655	156471756	156471705	4.08225	106.79215
chr17	50893775	50893876	50893825	4.08225	106.78751
chr3	47802944	47803045	47802994	4.08225	106.73265
chr5	6712769	6712870	6712819	4.08225	106.72742
chr1	229558859	229558960	229558909	4.08225	106.68966
chr1	153658726	153658827	153658776	4.08225	106.66077
chr15	75625549	75625650	75625599	4.08225	106.55739
chr2	100417525	100417626	100417575	4.08225	106.5506
chr6	4136128	4136229	4136178	4.08225	106.4571
chr16	70746511	70746612	70746561	4.08225	106.41192
chr2	223930561	223930662	223930611	4.08225	106.31495
chr20	47359051	47359152	47359101	4.08225	106.29493
chr3	100709434	100709535	100709484	4.08225	106.2721
chr9	133738377	133738478	133738427	4.08225	106.20368
chr13	110561597	110561698	110561647	4.08225	106.13814
chr13	110915282	110915383	110915332	4.08225	106.13433
chr2	231464756	231464857	231464806	4.08225	106.08399
chr12	106955701	106955802	106955751	4.08225	106.07766
chr7	100450605	100450706	100450655	4.08225	106.03288
chr7	76358957	76359058	76359007	4.08225	106.02671
chr16	68236182	68236283	68236232	4.08225	105.9841
chr20	45363386	45363487	45363436	4.08225	105.92859
chr8	42152875	42152976	42152925	4.08225	105.83407
chr16	85799616	85799717	85799666	4.08225	105.71992
chr17	75896829	75896930	75896879	4.08225	105.67199
chr1	15409868	15409969	15409918	4.08225	105.62214
chr1	1944119	1944220	1944169	4.08225	105.57321
chr16	11308809	11308910	11308859	4.08225	105.53894
chr2	135741842	135741943	135741892	4.08225	105.52434
chr2	219208398	219208499	219208448	4.08225	105.48191
chr17	75589170	75589271	75589220	4.08225	105.32401
chr1	18956841	18956942	18956891	4.08225	105.25519
chr6	70413293	70413394	70413343	4.08225	105.19595
chr16	72664893	72664994	72664943	4.08225	105.1917
chr9	127942743	127942844	127942793	4.08225	105.18334
chr14	23094822	23094923	23094872	4.08225	105.1832
chr1	53220552	53220653	53220602	4.08225	105.13557
chr20	23628688	23628789	23628738	4.08225	105.10358
chr2	127388046	127388147	127388096	4.08225	105.05632
chr2	168247812	168247913	168247862	4.08225	105.05319
chr13	45341457	45341558	45341507	4.08225	104.98271
chr14	77761021	77761122	77761071	4.08225	104.96876
chr10	58269186	58269287	58269236	4.08225	104.88133
chr17	31549809	31549910	31549859	4.08225	104.84957
chr6	34196528	34196629	34196578	4.08225	104.79723
chr2	96260542	96260643	96260592	4.08225	104.79547
chr19	7888426	7888527	7888476	4.08225	104.69186
chr17	78353029	78353130	78353079	4.08225	104.67149
chr5	139503284	139503385	139503334	4.08225	104.6614
chr20	36182928	36183029	36182978	4.08225	104.61661
chr3	33114068	33114169	33114118	4.08225	104.49462
chr17	58659416	58659517	58659466	4.08225	104.44606
chr2	175063111	175063212	175063161	4.08225	104.36385
chr4	75514611	75514712	75514661	4.08225	104.33451
chr1	150971371	150971472	150971421	4.08225	104.17931
chr10	25016812	25016913	25016862	4.08225	104.14935
chr9	127917050	127917151	127917100	4.08225	104.07228
chr6	135054745	135054846	135054795	4.08225	104.04503
chr1	26170092	26170193	26170142	4.08225	104.02216
chr19	982829	982930	982879	4.08225	103.94572
chr10	119165618	119165719	119165668	4.08225	103.9134
chr2	219177913	219178014	219177963	4.08225	103.85517
chr6	157021906	157022007	157021956	4.08225	103.81009
chr7	977344	977445	977394	4.08225	103.80564
chr19	39031659	39031760	39031709	4.08225	103.72177
chr20	22524049	22524150	22524099	4.08225	103.7154
chr12	112409461	112409562	112409511	4.08225	103.71476
chr17	59964573	59964674	59964623	4.08225	103.69229
chr12	50505145	50505246	50505195	4.08225	103.68458
chr10	100535889	100535990	100535939	4.08225	103.63753
chr8	43093407	43093508	43093457	4.08225	103.63751
chr17	78962455	78962556	78962505	4.08225	103.62425
chr19	1046420	1046521	1046470	4.08225	103.61379
chr17	55284528	55284629	55284578	4.08225	103.55518
chr15	75625338	75625439	75625388	4.08225	103.52888
chr19	1568492	1568593	1568542	4.08225	103.51528
chr10	122980498	122980599	122980548	4.08225	103.5103
chr16	85613167	85613268	85613217	4.08225	103.48224
chr16	12643966	12644067	12644016	4.08225	103.48186
chr2	237590619	237590720	237590669	4.08225	103.38359
chr7	73578840	73578941	73578890	4.08225	103.37256
chr6	31766365	31766466	31766415	4.08225	103.35297
chr11	14520377	14520478	14520427	4.08225	103.31694
chr4	55948911	55949012	55948961	4.08225	103.30395
chr2	98444788	98444889	98444838	4.08225	103.21932
chr17	57892546	57892647	57892596	4.08225	103.21642
chr22	35372114	35372215	35372164	4.08225	103.19275
chr17	75261936	75262037	75261986	4.08225	103.10224
chr2	27428726	27428827	27428776	4.08225	103.09754
chr20	62375526	62375627	62375576	4.08225	103.07077
chr14	94594053	94594154	94594103	4.08225	103.00533
chr14	52791820	52791921	52791870	4.08225	102.99829
chr1	211515555	211515656	211515605	4.08225	102.97427
chr12	120710466	120710567	120710516	4.08225	102.95352
chr20	64221379	64221480	64221429	4.08225	102.88622
chr15	83067210	83067311	83067260	4.08225	102.86465
chr15	65530547	65530648	65530597	4.08225	102.79787
chr17	81968042	81968143	81968092	4.08225	102.79242
chr12	56221835	56221936	56221885	4.08225	102.71316
chr19	40778294	40778395	40778344	4.08225	102.67483
chr1	37595690	37595791	37595740	4.08225	102.64253
chr1	28369777	28369878	28369827	4.08225	102.61051
chr9	92293599	92293700	92293649	4.08225	102.55839
chr19	47244225	47244326	47244275	4.08225	102.55133
chr8	144477936	144478037	144477986	4.08225	102.54263
chr19	35717369	35717470	35717419	4.08225	102.52495
chr19	11239433	11239534	11239483	4.08225	102.49234
chr6	36131215	36131316	36131265	4.08225	102.39734
chr5	179808026	179808127	179808076	4.08225	102.38224
chr12	120317735	120317836	120317785	4.08225	102.36543
chr15	64825908	64826009	64825958	4.08225	102.36032
chr8	131904056	131904157	131904106	4.08225	102.34657
chr5	150000395	150000496	150000445	4.08225	102.33317
chr1	180502619	180502720	180502669	4.08225	102.31515
chr17	2401836	2401937	2401886	4.08225	102.30276
chr3	136197001	136197102	136197051	4.08225	102.23328
chr20	62900319	62900420	62900369	4.08225	102.20818
chr17	47949427	47949528	47949477	4.08225	102.12807
chr1	203305462	203305563	203305512	4.08225	102.08325
chr7	90211955	90212056	90212005	4.08225	102.03374
chr2	118013604	118013705	118013654	4.08225	102.02857
chr18	62523055	62523156	62523105	4.08225	102.02812
chr5	138032880	138032981	138032930	4.08225	102.01772
chr19	704163	704264	704213	4.08225	101.93601
chr12	104986376	104986477	104986426	4.08225	101.90587
chr17	72502588	72502689	72502638	4.08225	101.88604
chr5	181223578	181223679	181223628	4.08225	101.82781
chr2	128309657	128309758	128309707	4.08225	101.82316
chr9	130693645	130693746	130693695	4.08225	101.81744
chr16	27550225	27550326	27550275	4.08225	101.78204
chr17	82273758	82273859	82273808	4.08225	101.74141
chr9	89318516	89318617	89318566	4.08225	101.71225
chr19	39507075	39507176	39507125	4.08225	101.67436
chr14	93184698	93184799	93184748	4.08225	101.65365
chr15	78065494	78065595	78065544	4.08225	101.63557
chr2	11465760	11465861	11465810	4.08225	101.61203
chr1	3471807	3471908	3471857	4.08225	101.60245
chr11	119206173	119206274	119206223	4.08225	101.47706
chr15	67521530	67521631	67521580	4.08225	101.35967
chr16	23182529	23182630	23182579	4.08225	101.35921
chr17	27294189	27294290	27294239	4.08225	101.23123
chr2	232872328	232872429	232872378	4.08225	101.21913
chr2	231713998	231714099	231714048	4.08225	101.19561
chr1	18937125	18937226	18937175	4.08225	101.17332
chr4	146175755	146175856	146175805	4.08225	101.16696
chr22	37032848	37032949	37032898	4.08225	101.15227
chr9	95875736	95875837	95875786	4.08225	101.06802
chr16	84116802	84116903	84116852	4.08225	101.04518
chr11	65525193	65525294	65525243	4.08225	101.00614
chr16	50066156	50066257	50066206	4.08225	100.95644
chr11	61361982	61362083	61362032	4.08225	100.95497
chr17	38752808	38752909	38752858	4.08225	100.93852
chr8	17922601	17922702	17922651	4.08225	100.89145
chr6	81753585	81753686	81753635	4.08225	100.76105
chr5	133968401	133968502	133968451	4.08225	100.67676
chr2	48111549	48111650	48111599	4.08225	100.67541
chr14	31033436	31033537	31033486	4.08225	100.63918
chr5	53477114	53477215	53477164	4.08225	100.59535
chr1	45340204	45340305	45340254	4.08225	100.59243
chr13	23375470	23375571	23375520	4.08225	100.57793
chr2	227472035	227472136	227472085	4.08225	100.53977
chr16	1090038	1090139	1090088	4.08225	100.52203
chr6	149718201	149718302	149718251	4.08225	100.52167
chr11	9385058	9385159	9385108	4.08225	100.50752
chr16	30775754	30775855	30775804	4.08225	100.49798
chr17	79822807	79822908	79822857	4.08225	100.47035
chr17	45202047	45202148	45202097	4.08225	100.43279
chr20	32359230	32359331	32359280	4.08225	100.42876
chr2	177552625	177552726	177552675	4.08225	100.36815
chr10	86400145	86400246	86400195	4.08225	100.36516
chr2	42493958	42494059	42494008	4.08225	100.34049
chr8	66775396	66775497	66775446	4.08225	100.33886
chr16	425301	425402	425351	4.08225	100.26767
chr14	51240313	51240414	51240363	4.08225	100.20335
chr16	48385235	48385336	48385285	4.08225	100.17923
chr1	65420602	65420703	65420652	4.08225	100.16291
chr5	177378975	177379076	177379025	4.08225	100.14677
chr17	79809126	79809227	79809176	4.08225	100.07281
chr20	34363285	34363386	34363335	4.08225	100.03679
chr3	48241207	48241308	48241257	4.08225	99.96766
chr17	15945129	15945230	15945179	4.08225	99.95343
chr6	44223713	44223814	44223763	4.08225	99.94007
chr12	6753339	6753440	6753389	4.08225	99.92174
chr17	43544607	43544708	43544657	4.08225	99.90725
chr16	2035725	2035826	2035775	4.08225	99.873
chr9	36487878	36487979	36487928	4.08225	99.86769
chr9	128636125	128636226	128636175	4.08225	99.73528
chr12	120317465	120317566	120317515	4.08225	99.67852
chr16	57245149	57245250	57245199	4.08225	99.61805
chr17	75289286	75289387	75289336	4.08225	99.59626
chr5	136132983	136133084	136133033	4.08225	99.45747
chr2	101252919	101253020	101252969	4.08225	99.4477
chr6	78867667	78867768	78867717	4.08225	99.42117
chr2	183038465	183038566	183038515	4.08225	99.32326
chr19	33795604	33795705	33795654	4.08225	99.30543
chr21	43211412	43211513	43211462	4.08225	99.26702
chr3	69013707	69013808	69013757	4.08225	99.26532
chr17	82325617	82325718	82325667	4.08225	99.25567
chr2	101117359	101117460	101117409	4.08225	99.25362
chr7	33129369	33129470	33129419	4.08225	99.25012
chr16	342733	342834	342783	4.08225	99.18977
chr17	76499329	76499430	76499379	4.08225	99.13839
chr2	27050056	27050157	27050106	4.08225	99.1304
chr3	58008498	58008599	58008548	4.08225	99.05289
chr19	48634665	48634766	48634715	4.08225	99.02634
chr5	37249282	37249383	37249332	4.08225	98.95968
chr7	123534858	123534959	123534908	4.08225	98.95521
chr3	195259990	195260091	195260040	4.08225	98.93073
chr6	43517109	43517210	43517159	4.08225	98.91476
chr9	99104895	99104996	99104945	4.08225	98.89582
chr3	100334541	100334642	100334591	4.08225	98.88598
chr16	19524102	19524203	19524152	4.08225	98.86472
chr12	69239497	69239598	69239547	4.08225	98.81919
chr6	2952814	2952915	2952864	4.08225	98.80792
chr5	96703004	96703105	96703054	4.08225	98.80784
chr16	4425882	4425983	4425932	4.08225	98.78345
chr6	37128144	37128245	37128194	4.08225	98.77117
chr16	88509265	88509366	88509315	4.08225	98.73818
chr22	40856840	40856941	40856890	4.08225	98.69866
chr4	185204026	185204127	185204076	4.08225	98.67124
chr1	93909346	93909447	93909396	4.08225	98.64956
chr2	75646902	75647003	75646952	4.08225	98.61066
chr3	186567255	186567356	186567305	4.08225	98.60998
chr9	137240882	137240983	137240932	4.08225	98.58513
chr2	43005713	43005814	43005763	4.08225	98.55761
chr19	36838330	36838431	36838380	4.08225	98.53484
chr1	230708745	230708846	230708795	4.08225	98.5279
chr12	68746207	68746308	68746257	4.08225	98.51569
chr1	220046642	220046743	220046692	4.08225	98.46321
chr19	48492848	48492949	48492898	4.08225	98.46011
chr11	112074355	112074456	112074405	4.08225	98.44323
chr2	231037356	231037457	231037406	4.08225	98.42055
chr6	31652933	31653034	31652983	4.08225	98.4063
chr11	47119043	47119144	47119093	4.08225	98.40128
chr6	99515314	99515415	99515364	4.08225	98.3413
chr7	122886676	122886777	122886726	4.08225	98.27582
chr5	6712992	6713093	6713042	4.08225	98.20113
chr1	212432836	212432937	212432886	4.08225	98.1854
chr15	80059331	80059432	80059381	4.08225	98.17967
chr22	24806158	24806259	24806208	4.08225	98.12979
chr14	24442666	24442767	24442716	4.08225	98.07641
chr2	101308910	101309011	101308960	4.08225	98.03518
chr3	99876191	99876292	99876241	4.08225	97.98985
chr2	222671809	222671910	222671859	4.08225	97.94097
chr16	85524711	85524812	85524761	4.08225	97.8865
chr1	161399709	161399810	161399759	4.08225	97.86503
chr19	1065946	1066047	1065996	4.08225	97.85604
chr16	28823694	28823795	28823744	4.08225	97.84801
chr17	68383743	68383844	68383793	4.08225	97.80341
chr19	38387776	38387877	38387826	4.08225	97.79608
chr1	112466211	112466312	112466261	4.08225	97.77413
chr4	74158139	74158240	74158189	4.08225	97.61267
chr7	135510237	135510338	135510287	4.08225	97.60123
chr2	183078758	183078859	183078808	4.08225	97.53784
chr7	133081962	133082063	133082012	4.08225	97.51102
chr9	34646616	34646717	34646666	4.08225	97.50315
chr17	43530580	43530681	43530630	4.08225	97.48885
chrX	14873039	14873140	14873089	4.08225	97.46079
chr20	32652983	32653084	32653033	4.08225	97.42799
chr17	76252275	76252376	76252325	4.08225	97.4237
chr2	130342976	130343077	130343026	4.08225	97.36512
chr19	52963027	52963128	52963077	4.08225	97.36086
chr21	39183710	39183811	39183760	4.08225	97.33051
chr17	352463	352564	352513	4.08225	97.292
chr10	86521844	86521945	86521894	4.08225	97.28679
chr11	62025749	62025850	62025799	4.08225	97.28286
chr9	89556592	89556693	89556642	4.08225	97.27346
chr17	59707422	59707523	59707472	4.08225	97.24
chr7	107891300	107891401	107891350	4.08225	97.22758
chr20	4686344	4686445	4686394	4.08225	97.20718
chr5	32585589	32585690	32585639	4.08225	97.17172
chr2	27094020	27094121	27094070	4.08225	97.16654
chr11	65551134	65551235	65551184	4.08225	97.15886
chr13	113449177	113449278	113449227	4.08225	97.13254
chr19	40056000	40056101	40056050	4.08225	97.11943
chr16	10942705	10942806	10942755	4.08225	97.08856
chr10	37976534	37976635	37976584	4.08225	97.07511
chr19	48954832	48954933	48954882	4.08225	97.0668
chr16	89192629	89192730	89192679	4.08225	97.03646
chr19	50376694	50376795	50376744	4.08225	97.02932
chr6	132768207	132768308	132768257	4.08225	96.89631
chr11	6683423	6683524	6683473	4.08225	96.80513
chr12	56128215	56128316	56128265	4.08225	96.73242
chr9	127390661	127390762	127390711	4.08225	96.73021
chr2	73001250	73001351	73001300	4.08225	96.72451
chr14	92748509	92748610	92748559	4.08225	96.68437
chr17	82298270	82298371	82298320	4.08225	96.6661
chr10	125792644	125792745	125792694	4.08225	96.65786
chr19	917230	917331	917280	4.08225	96.64675
chr18	63367458	63367559	63367508	4.08225	96.64597
chr5	178204595	178204696	178204645	4.08225	96.63057
chr12	949612	949713	949662	4.08225	96.55143
chr9	133993086	133993187	133993136	4.08225	96.53405
chr6	151120160	151120261	151120210	4.08225	96.5261
chr2	232876802	232876903	232876852	4.08225	96.52281
chr4	1249308	1249409	1249358	4.08225	96.51742
chr19	12938645	12938746	12938695	4.08225	96.5172
chr6	41578186	41578287	41578236	4.08225	96.4351
chr6	98947820	98947921	98947870	4.08225	96.43036
chr5	179859126	179859227	179859176	4.08225	96.31372
chr16	85553533	85553634	85553583	4.08225	96.27283
chr1	1064265	1064366	1064315	4.08225	96.21404
chr3	170222221	170222322	170222271	4.08225	96.16665
chr2	227466380	227466481	227466430	4.08225	96.15834
chr9	134068467	134068568	134068517	4.08225	96.07097
chr16	13920247	13920348	13920297	4.08225	96.06339
chr9	89310784	89310885	89310834	4.08225	96.03952
chr17	2066741	2066842	2066791	4.08225	95.95529
chr2	99141368	99141469	99141418	4.08225	95.90802
chr15	75640077	75640178	75640127	4.08225	95.86996
chr11	3642138	3642239	3642188	4.08225	95.83803
chr17	43006907	43007008	43006957	4.08225	95.78755
chr4	174283819	174283920	174283869	4.08225	95.77875
chr11	67288657	67288758	67288707	4.08225	95.77247
chr19	18839773	18839874	18839823	4.08225	95.75892
chr19	740490	740591	740540	4.08225	95.73293
chr2	237585735	237585836	237585785	4.08225	95.67479
chr17	72540451	72540552	72540501	4.08225	95.6644
chr3	50359544	50359645	50359594	4.08225	95.60355
chr7	105014085	105014186	105014135	4.08225	95.58932
chr11	65096278	65096379	65096328	4.08225	95.58854
chr10	124389190	124389291	124389240	4.08225	95.58635
chr16	66830754	66830855	66830804	4.08225	95.54963
chr9	75028210	75028311	75028260	4.08225	95.50039
chr18	58414072	58414173	58414122	4.08225	95.47884
chr7	26864540	26864641	26864590	4.08225	95.47485
chr6	73523532	73523633	73523582	4.08225	95.41945
chr4	2937304	2937405	2937354	4.08225	95.38011
chr2	166376146	166376247	166376196	4.08225	95.3754
chr11	207560	207661	207610	4.08225	95.35604
chr1	42958800	42958901	42958850	4.08225	95.32073
chr5	43105814	43105915	43105864	4.08225	95.262
chr19	17337572	17337673	17337622	4.08225	95.24049
chr12	122266408	122266509	122266458	4.08225	95.22903
chr9	33816799	33816900	33816849	4.08225	95.19781
chr20	3628838	3628939	3628888	4.08225	95.15501
chr7	107580199	107580300	107580249	4.08225	95.07829
chr16	73047774	73047875	73047824	4.08225	95.03213
chr12	132517463	132517564	132517513	4.08225	95.03034
chr11	65261767	65261868	65261817	4.08225	95.01972
chr14	103103869	103103970	103103919	4.08225	94.96223
chr7	2555482	2555583	2555532	4.08225	94.91512
chr15	72686217	72686318	72686267	4.08225	94.91314
chr6	30617652	30617753	30617702	4.08225	94.84668
chr16	721466	721567	721516	4.08225	94.83318
chr2	112482035	112482136	112482085	4.08225	94.82138
chr14	30874279	30874380	30874329	4.08225	94.79464
chr20	462452	462553	462502	4.08225	94.78944
chr12	109477383	109477484	109477433	4.08225	94.76057
chr16	14501762	14501863	14501812	4.08225	94.73186
chr22	21001679	21001780	21001729	4.08225	94.72738
chr1	109426634	109426735	109426684	4.08225	94.71859
chr16	30407662	30407763	30407712	4.08225	94.66653
chr3	50299532	50299633	50299582	4.08225	94.6505
chr15	41496078	41496179	41496128	4.08225	94.60065
chr6	42929589	42929690	42929639	4.08225	94.57143
chr16	15395775	15395876	15395825	4.08225	94.54563
chr11	75168776	75168877	75168826	4.08225	94.51938
chr19	53103446	53103547	53103496	4.08225	94.51664
chr10	43420504	43420605	43420554	4.08225	94.45119
chr9	128191819	128191920	128191869	4.08225	94.42928
chr2	75609208	75609309	75609258	4.08225	94.4075
chr2	148509385	148509486	148509435	4.08225	94.39743
chr2	3652013	3652114	3652063	4.08225	94.36711
chr4	7103738	7103839	7103788	4.08225	94.36303
chr7	103149295	103149396	103149345	4.08225	94.34174
chr2	11132685	11132786	11132735	4.08225	94.30784
chr17	76103883	76103984	76103933	4.08225	94.30292
chr5	134176758	134176859	134176808	4.08225	94.30115
chr4	39698322	39698423	39698372	4.08225	94.28871
chr3	196948535	196948636	196948585	4.08225	94.2694
chr7	65038105	65038206	65038155	4.08225	94.25314
chr20	17531156	17531257	17531206	4.08225	94.23038
chr6	24646086	24646187	24646136	4.08225	94.22826
chr6	28589527	28589628	28589577	4.08225	94.21502
chr5	132369709	132369810	132369759	4.08225	94.20787
chr4	1309480	1309581	1309530	4.08225	94.20772
chr1	89995191	89995292	89995241	4.08225	94.20288
chr11	75768480	75768581	75768530	4.08225	94.15945
chr22	31489914	31490015	31489964	4.08225	94.1579
chr1	21783331	21783432	21783381	4.08225	94.13053
chr12	54280935	54281036	54280985	4.08225	94.12809
chr19	48589035	48589136	48589085	4.08225	94.10331
chr17	76139021	76139122	76139071	4.08225	94.09266
chr19	56900686	56900787	56900736	4.08225	94.07568
chr15	63474226	63474327	63474276	4.08225	94.05513
chr1	222465416	222465517	222465466	4.08225	94.03101
chr11	43358791	43358892	43358841	4.08225	94.02557
chr4	6909818	6909919	6909868	4.08225	94.00821
chr16	19108067	19108168	19108117	4.08225	93.9898
chr1	10430498	10430599	10430548	4.08225	93.96848
chr2	200889414	200889515	200889464	4.08225	93.94356
chr9	33139804	33139905	33139854	4.08225	93.93633
chr6	30103151	30103252	30103201	4.08225	93.90826
chr10	11875930	11876031	11875980	4.08225	93.89981
chr15	63833968	63834069	63834018	4.08225	93.88082
chr14	24816090	24816191	24816140	4.08225	93.86768
chr2	70808694	70808795	70808744	4.08225	93.85352
chr17	74432183	74432284	74432233	4.08225	93.83531
chr9	129606611	129606712	129606661	4.08225	93.79734
chr14	34873829	34873930	34873879	4.08225	93.79575
chr16	15996966	15997067	15997016	4.08225	93.75336
chr22	17084874	17084975	17084924	4.08225	93.70253
chr6	36594169	36594270	36594219	4.08225	93.64035
chr1	89524909	89525010	89524959	4.08225	93.58349
chr6	69233004	69233105	69233054	4.08225	93.55764
chr1	184051697	184051798	184051747	4.08225	93.53475
chr19	11597487	11597588	11597537	4.08225	93.52304
chr5	140107735	140107836	140107785	4.08225	93.51372
chr19	49590348	49590449	49590398	4.08225	93.45013
chr6	42890564	42890665	42890614	4.08225	93.42834
chr17	82370782	82370883	82370832	4.08225	93.38659
chr8	22111719	22111820	22111769	4.08225	93.35929
chr17	77288862	77288963	77288912	4.08225	93.29752
chr6	36683751	36683852	36683801	4.08225	93.28965
chr17	73201421	73201522	73201471	4.08225	93.28383
chr15	40569428	40569529	40569478	4.08225	93.17347
chr19	10291529	10291630	10291579	4.08225	93.16002
chr16	88651380	88651481	88651430	4.08225	93.14256
chr6	43953915	43954016	43953965	4.08225	93.13078
chr2	240969219	240969320	240969269	4.08225	93.057
chr2	215749483	215749584	215749533	4.08225	93.05121
chr3	115784446	115784547	115784496	4.08225	93.04855
chr15	41231047	41231148	41231097	4.08225	92.9758
chr5	95554873	95554974	95554923	4.08225	92.94657
chr20	34112383	34112484	34112433	4.08225	92.94134
chr12	69360208	69360309	69360258	4.08225	92.93844
chr16	69822541	69822642	69822591	4.08225	92.93391
chr11	14499726	14499827	14499776	4.08225	92.90531
chr16	971232	971333	971282	4.08225	92.90409
chr19	19663821	19663922	19663871	4.08225	92.86956
chr1	154870385	154870486	154870435	4.08225	92.85116
chr1	160343309	160343410	160343359	4.08225	92.83932
chr2	177265027	177265128	177265077	4.08225	92.78302
chr2	218711057	218711158	218711107	4.08225	92.74661
chr2	235005737	235005838	235005787	4.08225	92.74541
chr20	46014323	46014424	46014373	4.08225	92.73566
chr15	43133583	43133684	43133633	4.08225	92.70953
chr2	111920245	111920346	111920295	4.08225	92.66217
chr9	129064613	129064714	129064663	4.08225	92.65398
chr2	74429954	74430055	74430004	4.08225	92.55527
chr7	134986770	134986871	134986820	4.08225	92.54441
chr19	47113347	47113448	47113397	4.08225	92.49831
chr6	152983315	152983416	152983365	4.08225	92.48131
chr15	40109111	40109212	40109161	4.08225	92.47017
chr14	103889584	103889685	103889634	4.08225	92.46347
chr12	51173228	51173329	51173278	4.08225	92.43931
chr7	26291764	26291865	26291814	4.08225	92.40275
chr8	38030599	38030700	38030649	4.08225	92.3968
chr6	43990772	43990873	43990822	4.08225	92.36738
chr19	45443591	45443692	45443641	4.08225	92.33957
chr3	115784183	115784284	115784233	4.08225	92.32618
chr12	48865696	48865797	48865746	4.08225	92.32025
chr16	28609794	28609895	28609844	4.08225	92.2771
chr1	85276810	85276911	85276860	4.08225	92.27627
chr16	31179985	31180086	31180035	4.08225	92.25017
chr19	462032	462133	462082	4.08225	92.24453
chr17	83052007	83052108	83052057	4.08225	92.22507
chr2	39121204	39121305	39121254	4.08225	92.21677
chr17	17206627	17206728	17206677	4.08225	92.21512
chr17	46851546	46851647	46851596	4.08225	92.21417
chr20	50187470	50187571	50187520	4.08225	92.198
chr16	680197	680298	680247	4.08225	92.17245
chr5	72320426	72320527	72320476	4.08225	92.16205
chr15	78540548	78540649	78540598	4.08225	92.1552
chr9	135993084	135993185	135993134	4.08225	92.11817
chr3	49674262	49674363	49674312	4.08225	92.11496
chr1	23959481	23959582	23959531	4.08225	92.08355
chr2	231701685	231701786	231701735	4.08225	92.06843
chr20	2652763	2652864	2652813	4.08225	92.06656
chr16	22206387	22206488	22206437	4.08225	92.06653
chr11	65117709	65117810	65117759	4.08225	92.05232
chr2	96266420	96266521	96266470	4.08225	91.96615
chr7	103149544	103149645	103149594	4.08225	91.94908
chr3	56557170	56557271	56557220	4.08225	91.91168
chr17	28357681	28357782	28357731	4.08225	91.89099
chr14	31025821	31025922	31025871	4.08225	91.81567
chr13	30307535	30307636	30307585	4.08225	91.80598
chr13	98142613	98142714	98142663	4.08225	91.78507
chr20	57389297	57389398	57389347	4.08225	91.76278
chr2	27890680	27890781	27890730	4.08225	91.75911
chr1	93979944	93980045	93979994	4.08225	91.74183
chr2	190343831	190343932	190343881	4.08225	91.73376
chr2	27123933	27124034	27123983	4.08225	91.72312
chr7	36367210	36367311	36367260	4.08225	91.71791
chr20	41317000	41317101	41317050	4.08225	91.68406
chr19	41310215	41310316	41310265	4.08225	91.65758
chr8	142403326	142403427	142403376	4.08225	91.63771
chr11	93784522	93784623	93784572	4.08225	91.60637
chr1	150697147	150697248	150697197	4.08225	91.54913
chr6	122610566	122610667	122610616	4.08225	91.51942
chr8	144444569	144444670	144444619	4.08225	91.4644
chr4	6917818	6917919	6917868	4.08225	91.42725
chr14	52730222	52730323	52730272	4.08225	91.40924
chr3	184241894	184241995	184241944	4.08225	91.39379
chr1	92298774	92298875	92298824	4.08225	91.35709
chr14	92106306	92106407	92106356	4.08225	91.29734
chr10	91908730	91908831	91908780	4.08225	91.25143
chr19	6199266	6199367	6199316	4.08225	91.2391
chr1	44807487	44807588	44807537	4.08225	91.22984
chr17	43368301	43368402	43368351	4.08225	91.22947
chr5	112707634	112707735	112707684	4.08225	91.2286
chr2	148644422	148644523	148644472	4.08225	91.10626
chr2	20525218	20525319	20525268	4.08225	91.10607
chr12	57112290	57112391	57112340	4.08225	91.09831
chr6	89352649	89352750	89352699	4.08225	91.09343
chr19	44500323	44500424	44500373	4.08225	91.02974
chr17	18988689	18988790	18988739	4.08225	91.02315
chr10	23438999	23439100	23439049	4.08225	90.98039
chr19	10291313	10291414	10291363	4.08225	90.94895
chr17	40054181	40054282	40054231	4.08225	90.93368
chr19	45507365	45507466	45507415	4.08225	90.92399
chr22	46639160	46639261	46639210	4.08225	90.91375
chr2	46315399	46315500	46315449	4.08225	90.89211
chr11	61816876	61816977	61816926	4.08225	90.8676
chr16	84586713	84586814	84586763	4.08225	90.8477
chr19	8512344	8512445	8512394	4.08225	90.82337
chr9	19127405	19127506	19127455	4.08225	90.81336
chr20	31861765	31861866	31861815	4.08225	90.77792
chr14	21024914	21025015	21024964	4.08225	90.77572
chr17	7307729	7307830	7307779	4.08225	90.74682
chr2	162074093	162074194	162074143	4.08225	90.74474
chr2	42980191	42980292	42980241	4.08225	90.73024
chr1	65254552	65254653	65254602	4.08225	90.71253
chr7	4682125	4682226	4682175	4.08225	90.63344
chr9	122905184	122905285	122905234	4.08225	90.62029
chr19	1252333	1252434	1252383	4.08225	90.61421
chr14	35413228	35413329	35413278	4.08225	90.60633
chr7	20220031	20220132	20220081	4.08225	90.59248
chr12	8950045	8950146	8950095	4.08225	90.57766
chr11	9614219	9614320	9614269	4.08225	90.54945
chr3	31532563	31532664	31532613	4.08225	90.53914
chr20	63864207	63864308	63864257	4.08225	90.51543
chr1	1431861	1431962	1431911	4.08225	90.45884
chr1	154220482	154220583	154220532	4.08225	90.45172
chr18	812461	812562	812511	3.69241	81.2074
chr4	110196572	110196673	110196622	3.69235	81.22343
chr17	56960813	56960914	56960863	3.69217	81.23696
chr2	222734214	222734315	222734264	3.69205	81.24105
chr7	129611620	129611721	129611670	3.69194	81.24734
chr2	128063590	128063691	128063640	3.69182	81.25384
chr16	15052811	15052912	15052861	3.69176	81.25496
chr5	157291445	157291546	157291495	3.6917	81.26111
chr16	50804683	50804784	50804733	3.69164	81.26464
chr8	22089088	22089189	22089138	3.69158	81.27239
chr6	26124197	26124298	26124247	3.69146	81.28611
chr14	34139924	34140025	34139974	3.69141	81.30332
chr1	244835467	244835568	244835517	3.69135	81.30375
chr8	19314241	19314342	19314291	3.69129	81.3059
chr19	1265491	1265592	1265541	3.69117	81.31759
chr17	39926750	39926851	39926800	3.69111	81.33083
chr3	49803009	49803110	49803059	3.69105	81.33221
chr2	85143672	85143773	85143722	3.69093	81.34102
chr8	73240579	73240680	73240629	3.69088	81.34604
chr14	20971294	20971395	20971344	3.69082	81.34726
chr11	86244798	86244899	86244848	3.69064	81.35908
chr9	127225470	127225571	127225520	3.69052	81.36467
chr13	75482379	75482480	75482429	3.69046	81.37323
chr7	65269558	65269659	65269608	3.6904	81.37476
chr17	39451112	39451213	39451162	3.69017	81.39547
chr1	215567470	215567571	215567520	3.68999	81.42402
chr16	67279657	67279758	67279707	3.68969	81.44281
chr11	11841935	11842036	11841985	3.68958	81.44658
chr20	62031274	62031375	62031324	3.68946	81.4673
chr17	77331579	77331680	77331629	3.6894	81.4688
chr16	67430652	67430753	67430702	3.68928	81.48057
chr2	170715594	170715695	170715644	3.68904	81.50965
chr5	38556885	38556986	38556935	3.68898	81.5106
chr14	57268792	57268893	57268842	3.68886	81.52386
chr16	3124500	3124601	3124550	3.68875	81.5342
chr19	55408010	55408111	55408060	3.68857	81.54199
chr1	54542334	54542435	54542384	3.68851	81.54345
chr6	29848194	29848295	29848244	3.68839	81.5461
chr6	30877857	30877958	30877907	3.68833	81.55096
chr2	144332595	144332696	144332645	3.68821	81.56743
chr11	116829841	116829942	116829891	3.68815	81.56939
chr2	27050308	27050409	27050358	3.6878	81.60653
chr6	26597097	26597198	26597147	3.6875	81.63442
chr2	179264366	179264467	179264416	3.68744	81.63804
chr7	87465368	87465469	87465418	3.68738	81.64161
chr5	71455680	71455781	71455730	3.6872	81.65772
chr8	37604643	37604744	37604693	3.68714	81.67082
chr17	77451590	77451691	77451640	3.68696	81.70726
chr7	993010	993111	993060	3.6869	81.71277
chr13	113150209	113150310	113150259	3.68679	81.73605
chr2	159798014	159798115	159798064	3.68655	81.7526
chr22	23767973	23768074	23768023	3.68625	81.78317
chr6	13710879	13710980	13710929	3.68601	81.80005
chr17	40560437	40560538	40560487	3.68595	81.80337
chr5	118988226	118988327	118988276	3.68577	81.82619
chr20	50389068	50389169	50389118	3.68565	81.8279
chr17	44095675	44095776	44095725	3.68547	81.85103
chr11	65382087	65382188	65382137	3.68541	81.85324
chr11	73309191	73309292	73309241	3.68523	81.87989
chr2	88691910	88692011	88691960	3.68511	81.89401
chr6	43991062	43991163	43991112	3.68499	81.90831
chr18	32470975	32471076	32471025	3.68488	81.92789
chr6	125790725	125790826	125790775	3.68464	81.98853
chr6	52671203	52671304	52671253	3.68458	81.99722
chr17	42678522	42678623	42678572	3.68452	81.99949
chr1	162790455	162790556	162790505	3.68446	82.00455
chr17	74736645	74736746	74736695	3.68434	82.00962
chr9	77171249	77171350	77171299	3.68422	82.0154
chr3	155806236	155806337	155806286	3.68404	82.03286
chr2	197498970	197499071	197499020	3.68398	82.05445
chr16	4944724	4944825	4944774	3.68392	82.05609
chr19	52786791	52786892	52786841	3.68386	82.05924
chr6	43492306	43492407	43492356	3.68362	82.08317
chr11	827385	827486	827435	3.68356	82.08775
chr15	31870679	31870780	31870729	3.68344	82.10198
chr11	18013196	18013297	18013246	3.68278	82.1482
chr17	58083693	58083794	58083743	3.68266	82.15806
chr9	19230840	19230941	19230890	3.6826	82.16696
chr14	21476734	21476835	21476784	3.68248	82.17624
chr11	60881139	60881240	60881189	3.68242	82.17798
chr14	25049791	25049892	25049841	3.68236	82.18972
chr7	129055094	129055195	129055144	3.68218	82.20346
chr1	40508640	40508741	40508690	3.68211	82.20991
chr17	57855564	57855665	57855614	3.68187	82.2599
chr6	43771529	43771630	43771579	3.68181	82.26423
chr6	41519968	41520069	41520018	3.68175	82.26853
chr6	33289697	33289798	33289747	3.68163	82.27747
chr17	16438542	16438643	16438592	3.68157	82.28741
chr16	67174397	67174498	67174447	3.68097	82.32643
chr20	10673231	10673332	10673281	3.68091	82.33356
chr8	143943499	143943600	143943549	3.68085	82.34007
chr20	5150579	5150680	5150629	3.68079	82.34175
chr3	53270074	53270175	53270124	3.68073	82.34286
chr17	60078703	60078804	60078753	3.68067	82.34623
chr17	7404456	7404557	7404506	3.68037	82.36388
chr1	230067005	230067106	230067055	3.68031	82.37257
chr1	148388561	148388662	148388611	3.68012	82.38933
chr7	27150769	27150870	27150819	3.68006	82.39674
chr19	18058495	18058596	18058545	3.68	82.40296
chr19	29665570	29665671	29665620	3.67982	82.4188
chr20	23585534	23585635	23585584	3.67976	82.41914
chr7	139341335	139341436	139341385	3.67964	82.42645
chr2	234680385	234680486	234680435	3.67934	82.43962
chr5	62306149	62306250	62306199	3.67922	82.45279
chr19	38336976	38337077	38337026	3.67916	82.45696
chr17	29176802	29176903	29176852	3.67909	82.46075
chr12	110583245	110583346	110583295	3.67885	82.4928
chr11	65860570	65860671	65860620	3.67879	82.49356
chr20	63627258	63627359	63627308	3.67873	82.49761
chr9	77177232	77177333	77177282	3.67867	82.51258
chr16	10918653	10918754	10918703	3.67818	82.56771
chr14	22853434	22853535	22853484	3.67806	82.58496
chr3	9946576	9946677	9946626	3.67776	82.60925
chr11	66744693	66744794	66744743	3.67764	82.61755
chr18	2655411	2655512	2655461	3.67758	82.63385
chr6	30163403	30163504	30163453	3.67745	82.64688
chr6	110815752	110815853	110815802	3.67739	82.64819
chr6	31734737	31734838	31734787	3.67733	82.66398
chr10	14604430	14604531	14604480	3.67715	82.68992
chr2	219219084	219219185	219219134	3.67703	82.70949
chr17	79990491	79990592	79990541	3.67685	82.74483
chr5	1594400	1594501	1594450	3.67679	82.75141
chr17	44775807	44775908	44775857	3.67666	82.75874
chr11	66466843	66466944	66466893	3.67648	82.76588
chr1	234958174	234958275	234958224	3.67636	82.77738
chr1	11099682	11099783	11099732	3.67611	82.81469
chr11	119368170	119368271	119368220	3.67605	82.81633
chr2	151261383	151261484	151261433	3.67581	82.83244
chr1	225475078	225475179	225475128	3.67575	82.83762
chr17	81244529	81244630	81244579	3.67569	82.83943
chr17	7484691	7484792	7484741	3.67556	82.84944
chr18	3247508	3247609	3247558	3.67544	82.87113
chr6	131135513	131135614	131135563	3.67526	82.89453
chr20	2692275	2692376	2692325	3.67514	82.89814
chr14	34063722	34063823	34063772	3.67501	82.90959
chr2	64865637	64865738	64865687	3.67495	82.91106
chr4	1766574	1766675	1766624	3.67471	82.93596
chr12	6532416	6532517	6532466	3.67452	82.95925
chr9	131096945	131097046	131096995	3.67434	82.98435
chr15	84654082	84654183	84654132	3.67379	83.03331
chr10	789232	789333	789282	3.67367	83.0493
chr2	11357584	11357685	11357634	3.6733	83.11325
chr9	133739670	133739771	133739720	3.67324	83.11891
chr12	57101966	57102067	57102016	3.67317	83.12291
chr14	24161369	24161470	24161419	3.67311	83.13447
chr19	1283406	1283507	1283456	3.67305	83.15304
chr6	3259116	3259217	3259166	3.67299	83.15565
chr7	27740478	27740579	27740528	3.67281	83.1856
chr2	20611314	20611415	20611364	3.67274	83.18754
chr2	199955612	199955713	199955662	3.67262	83.19943
chr1	26620690	26620791	26620740	3.67256	83.23278
chr17	42678099	42678200	42678149	3.67244	83.23452
chr19	1261163	1261264	1261213	3.67237	83.24121
chr20	62367533	62367634	62367583	3.67219	83.24607
chr12	110048585	110048686	110048635	3.67213	83.24716
chr22	20963644	20963745	20963694	3.67207	83.25426
chr1	162152392	162152493	162152442	3.67201	83.26672
chr2	42925159	42925260	42925209	3.67182	83.28745
chr1	34985393	34985494	34985443	3.67145	83.34396
chr11	59550598	59550699	59550648	3.67077	83.39538
chr10	124470774	124470875	124470824	3.67065	83.40265
chr12	76031652	76031753	76031702	3.67046	83.42937
chr12	114684549	114684650	114684599	3.6704	83.43352
chr14	24051796	24051897	24051846	3.67021	83.44672
chr3	146161214	146161315	146161264	3.66991	83.47863
chr2	106284868	106284969	106284918	3.66984	83.48174
chr11	62881094	62881195	62881144	3.66953	83.53062
chr14	54441212	54441313	54441262	3.66947	83.53317
chr5	93621552	93621653	93621602	3.66941	83.53661
chr9	133892469	133892570	133892519	3.6691	83.5669
chr16	81452130	81452231	81452180	3.66904	83.57074
chr1	26723602	26723703	26723652	3.66898	83.60195
chr16	85289173	85289274	85289223	3.66891	83.6095
chr3	4303457	4303558	4303507	3.66885	83.63806
chr16	70711495	70711596	70711545	3.66879	83.63854
chr4	139453791	139453892	139453841	3.6686	83.65352
chr16	85136739	85136840	85136789	3.66842	83.68193
chr17	67717960	67718061	67718010	3.66835	83.68404
chr18	36187510	36187611	36187560	3.66829	83.69442
chr9	121299636	121299737	121299686	3.66817	83.70676
chr6	107848390	107848491	107848440	3.66811	83.71202
chr20	63978108	63978209	63978158	3.66804	83.71779
chr19	47315448	47315549	47315498	3.66798	83.72576
chr19	43754615	43754716	43754665	3.66792	83.73051
chr2	241546989	241547090	241547039	3.66742	83.77052
chr8	86514249	86514350	86514299	3.66723	83.79355
chr7	2511542	2511643	2511592	3.66717	83.79383
chr12	102120205	102120306	102120255	3.66705	83.79772
chr17	43878646	43878747	43878696	3.66692	83.80078
chr16	66433992	66434093	66434042	3.6668	83.8143
chr3	93980193	93980294	93980243	3.66674	83.81713
chr8	544717	544818	544767	3.66667	83.82165
chr19	48501728	48501829	48501778	3.66636	83.84784
chr19	35820073	35820174	35820123	3.6663	83.85565
chr17	73288620	73288721	73288670	3.66611	83.86873
chr2	236968306	236968407	236968356	3.66592	83.89222
chr12	55829826	55829927	55829876	3.66586	83.8941
chr16	31484921	31485022	31484971	3.66561	83.90728
chr1	155262175	155262276	155262225	3.66555	83.9121
chr19	58362781	58362882	58362831	3.66542	83.92959
chr3	33114270	33114371	33114320	3.66524	83.95919
chr11	68460217	68460318	68460267	3.66511	83.97366
chr8	143906251	143906352	143906301	3.66499	83.983
chr10	91633262	91633363	91633312	3.66492	83.9877
chr3	40453087	40453188	40453137	3.6648	84.02299
chr1	17580175	17580276	17580225	3.66455	84.03589
chr5	132496816	132496917	132496866	3.66436	84.04997
chr17	64406608	64406709	64406658	3.66423	84.05352
chr16	72925218	72925319	72925268	3.66417	84.05685
chr2	43018297	43018398	43018347	3.66405	84.07065
chr17	45385687	45385788	45385737	3.66398	84.08489
chr2	43210531	43210632	43210581	3.66392	84.08663
chr19	8390453	8390554	8390503	3.6638	84.09606
chr9	38047842	38047943	38047892	3.66367	84.13099
chr17	75765060	75765161	75765110	3.66354	84.13827
chr11	66440246	66440347	66440296	3.66323	84.15748
chr2	65187111	65187212	65187161	3.6631	84.18463
chr4	53377715	53377816	53377765	3.66298	84.19837
chr19	52857698	52857799	52857748	3.66279	84.22361
chr4	102827958	102828059	102828008	3.66273	84.25502
chr17	47821790	47821891	47821840	3.6626	84.28375
chr14	32203552	32203653	32203602	3.66247	84.30159
chr17	7842233	7842334	7842283	3.6621	84.32945
chr6	118934889	118934990	118934939	3.66178	84.34108
chr16	31458049	31458150	31458099	3.66165	84.34381
chr9	91037426	91037527	91037476	3.66153	84.34656
chr12	57488012	57488113	57488062	3.6614	84.36201
chr8	56993965	56994066	56994015	3.66121	84.37964
chr20	46680979	46681080	46681029	3.66102	84.39049
chr1	246931941	246932042	246931991	3.66071	84.40232
chr20	62643734	62643835	62643784	3.66064	84.40531
chr6	31655836	31655937	31655886	3.66045	84.41697
chr1	226309136	226309237	226309186	3.66014	84.46267
chr3	75435655	75435756	75435705	3.65995	84.48304
chr3	32570402	32570503	32570452	3.65988	84.48342
chr1	205121911	205122012	205121961	3.65982	84.49991
chr2	170711814	170711915	170711864	3.65976	84.50463
chr4	75940785	75940886	75940835	3.65963	84.52728
chr6	30061983	30062084	30062033	3.65944	84.54136
chr3	141368258	141368359	141368308	3.65931	84.57393
chr1	161177628	161177729	161177678	3.65919	84.58321
chr6	167667339	167667440	167667389	3.65912	84.59004
chr6	144285089	144285190	144285139	3.659	84.59557
chr20	32562263	32562364	32562313	3.65874	84.61927
chr2	241541062	241541163	241541112	3.65862	84.6268
chr17	43466147	43466248	43466197	3.65836	84.64051
chr2	215312223	215312324	215312273	3.65817	84.66042
chr3	97821931	97822032	97821981	3.65804	84.67332
chr2	70901585	70901686	70901635	3.65798	84.67509
chr4	106316311	106316412	106316361	3.65785	84.67918
chr14	94377376	94377477	94377426	3.65779	84.68114
chr7	1713928	1714029	1713978	3.65734	84.71404
chr2	219058129	219058230	219058179	3.65715	84.72419
chr14	99971211	99971312	99971261	3.65683	84.75139
chr12	11171510	11171611	11171560	3.6567	84.76775
chr17	76737676	76737777	76737726	3.65651	84.77505
chr20	51639449	51639550	51639499	3.65581	84.8167
chr16	20803710	20803811	20803760	3.65575	84.82757
chr20	32325842	32325943	32325892	3.65568	84.86158
chr14	22766498	22766599	22766548	3.65562	84.8666
chr16	57483110	57483211	57483160	3.65555	84.86723
chr12	50167584	50167685	50167634	3.65543	84.87325
chr8	23070322	23070423	23070372	3.6553	84.91024
chr16	88857212	88857313	88857262	3.65479	84.96863
chr7	100483465	100483566	100483515	3.65459	84.976
chr17	64774504	64774605	64774554	3.65447	84.9888
chr14	39474566	39474667	39474616	3.65434	85.0
chr1	32394669	32394770	32394719	3.65421	85.00484
chr11	93197762	93197863	93197812	3.65408	85.0114
chr4	128809773	128809874	128809823	3.65402	85.01408
chr10	44259481	44259582	44259531	3.65395	85.02053
chr12	50400943	50401044	50400993	3.65376	85.04839
chr20	33490083	33490184	33490133	3.65369	85.05131
chr19	17405683	17405784	17405733	3.6535	85.07478
chr17	75557777	75557878	75557827	3.65344	85.08223
chr17	72403785	72403886	72403835	3.65331	85.08466
chr4	6673711	6673812	6673761	3.65324	85.08675
chr19	49930039	49930140	49930089	3.65318	85.08704
chr6	28281486	28281587	28281536	3.65312	85.08708
chrX	153724429	153724530	153724479	3.65305	85.08948
chr16	53703978	53704079	53704028	3.65299	85.09543
chr20	33702111	33702212	33702161	3.65279	85.1212
chr14	34332062	34332163	34332112	3.65273	85.12997
chr16	474684	474785	474734	3.65267	85.13498
chr22	39174866	39174967	39174916	3.65228	85.18625
chr3	196055892	196055993	196055942	3.65221	85.20385
chr4	2262516	2262617	2262566	3.65209	85.23187
chr14	74084850	74084951	74084900	3.65189	85.24806
chr2	96260759	96260860	96260809	3.65183	85.2628
chr22	23857160	23857261	23857210	3.65176	85.26917
chr17	16215403	16215504	16215453	3.6517	85.26918
chr10	99430887	99430988	99430937	3.65163	85.28006
chr14	75294405	75294506	75294455	3.6515	85.29185
chr20	63642390	63642491	63642440	3.65118	85.35278
chr9	137223517	137223618	137223567	3.65112	85.37617
chr3	9731598	9731699	9731648	3.65092	85.40857
chr20	37299845	37299946	37299895	3.65086	85.41371
chr11	94494109	94494210	94494159	3.65073	85.42298
chr17	81083037	81083138	81083087	3.65047	85.4402
chr8	124474847	124474948	124474897	3.65028	85.45555
chr14	104724000	104724101	104724050	3.65015	85.46128
chr2	227813856	227813957	227813906	3.65008	85.46956
chr17	6700209	6700310	6700259	3.64982	85.51
chr17	40956767	40956868	40956817	3.64976	85.51138
chr10	35090601	35090702	35090651	3.64969	85.52235
chr16	20424391	20424492	20424441	3.64937	85.57568
chr3	126476271	126476372	126476321	3.6493	85.60203
chr17	50546859	50546960	50546909	3.64917	85.62562
chr2	174486979	174487080	174487029	3.64898	85.63597
chr20	57351210	57351311	57351260	3.64885	85.63797
chr4	4248305	4248406	4248355	3.64878	85.64671
chr1	59926753	59926854	59926803	3.64872	85.67772
chr19	45001934	45002035	45001984	3.64852	85.70731
chr16	75647856	75647957	75647906	3.64846	85.71016
chr12	131710966	131711067	131711016	3.64833	85.72438
chr11	126283187	126283288	126283237	3.64826	85.72826
chr5	149345579	149345680	149345629	3.6482	85.73735
chr14	103881572	103881673	103881622	3.648	85.76943
chr14	30874486	30874587	30874536	3.64755	85.82664
chr16	70656861	70656962	70656911	3.64735	85.83869
chr7	1028305	1028406	1028355	3.64722	85.85016
chr20	46674588	46674689	46674638	3.64715	85.85378
chr22	49945170	49945271	49945220	3.64709	85.85593
chr15	70140623	70140724	70140673	3.64663	85.91376
chr2	189441009	189441110	189441059	3.64657	85.91527
chr6	5261303	5261404	5261353	3.6465	85.92643
chr11	6473853	6473954	6473903	3.64644	85.92722
chr2	64019556	64019657	64019606	3.64637	85.93203
chr2	121650018	121650119	121650068	3.64617	85.94734
chr20	32473876	32473977	32473926	3.64611	85.94775
chr3	38138886	38138987	38138936	3.64598	85.97245
chr2	186590065	186590166	186590115	3.64585	85.97518
chr20	63434978	63435079	63435028	3.64578	85.97625
chr2	126972131	126972232	126972181	3.64572	85.97714
chr4	183506104	183506205	183506154	3.64532	86.03321
chr16	2205585	2205686	2205635	3.64526	86.04295
chr3	184185916	184186017	184185966	3.64519	86.04418
chr20	380937	381038	380987	3.64506	86.06047
chr2	240896996	240897097	240897046	3.64493	86.06646
chr3	11642876	11642977	11642926	3.64473	86.10443
chr11	728330	728431	728380	3.64467	86.11099
chr1	23980199	23980300	23980249	3.64454	86.12163
chr16	1493419	1493520	1493469	3.64447	86.124
chr16	1343392	1343493	1343442	3.64434	86.1311
chr5	108382151	108382252	108382201	3.64427	86.14339
chr12	13044540	13044641	13044590	3.64401	86.16395
chr19	10929007	10929108	10929057	3.64395	86.16419
chr2	200844469	200844570	200844519	3.64388	86.16591
chr1	25247288	25247389	25247338	3.64375	86.19034
chr6	26033322	26033423	26033372	3.64368	86.19907
chr6	47094624	47094725	47094674	3.64342	86.22007
chr16	57802460	57802561	57802510	3.64335	86.2267
chr14	94174276	94174377	94174326	3.64329	86.23498
chr2	101120695	101120796	101120745	3.64316	86.24215
chr2	264919	265020	264969	3.64309	86.24727
chr10	133378560	133378661	133378610	3.6425	86.31687
chr2	238457439	238457540	238457489	3.64223	86.32754
chr2	43226131	43226232	43226181	3.64217	86.32769
chr3	128681004	128681105	128681054	3.6421	86.33954
chr4	154550380	154550481	154550430	3.64184	86.36612
chr17	45894333	45894434	45894383	3.64177	86.37529
chr2	84300441	84300542	84300491	3.64164	86.41164
chr6	3247974	3248075	3248024	3.64151	86.41836
chr5	151156318	151156419	151156368	3.64144	86.42435
chr3	197510058	197510159	197510108	3.64131	86.4393
chr22	36352830	36352931	36352880	3.64124	86.44408
chr17	82101922	82102023	82101972	3.64091	86.49718
chr6	138161765	138161866	138161815	3.64065	86.52066
chr3	168096064	168096165	168096114	3.64045	86.53402
chr17	5486603	5486704	5486653	3.64032	86.54537
chr15	79897142	79897243	79897192	3.64005	86.5908
chr20	4249599	4249700	4249649	3.63998	86.59351
chr17	19317672	19317773	19317722	3.63979	86.61536
chr10	48306671	48306772	48306721	3.63972	86.63617
chr21	32728230	32728331	32728280	3.63965	86.6554
chr2	227818843	227818944	227818893	3.63952	86.66559
chr22	28742028	28742129	28742078	3.63932	86.6784
chr11	65652835	65652936	65652885	3.63892	86.71432
chr2	32039907	32040008	32039957	3.63886	86.71474
chr20	32762522	32762623	32762572	3.63866	86.75896
chr12	104138365	104138466	104138415	3.63859	86.77185
chr19	53538161	53538262	53538211	3.63852	86.80222
chr16	85422842	85422943	85422892	3.63826	86.83294
chr17	76384433	76384534	76384483	3.63812	86.85322
chr5	133611141	133611242	133611191	3.63806	86.85371
chr2	96532032	96532133	96532082	3.63786	86.8613
chr19	41262383	41262484	41262433	3.63779	86.86279
chr10	133394335	133394436	133394385	3.63746	86.90619
chr1	10430697	10430798	10430747	3.63739	86.90885
chr9	34380889	34380990	34380939	3.63732	86.91476
chr15	90102493	90102594	90102543	3.63719	86.93451
chr11	118659541	118659642	118659591	3.63706	86.94963
chr2	202635022	202635123	202635072	3.63692	86.97102
chr11	73218234	73218335	73218284	3.63672	86.98188
chr19	51363065	51363166	51363115	3.63652	87.01962
chr10	102714478	102714579	102714528	3.63612	87.08284
chr3	38138658	38138759	38138708	3.63605	87.09381
chr22	21629339	21629440	21629389	3.63599	87.09687
chr18	34977048	34977149	34977098	3.63585	87.10102
chr9	137068132	137068233	137068182	3.63579	87.10337
chrX	41442399	41442500	41442449	3.63565	87.12485
chr4	1793045	1793146	1793095	3.63552	87.14595
chr2	128091401	128091502	128091451	3.63538	87.16772
chr2	169798888	169798989	169798938	3.63532	87.17051
chr14	75069408	75069509	75069458	3.63525	87.17539
chr17	75855922	75856023	75855972	3.63518	87.18497
chr16	30063926	30064027	30063976	3.63511	87.19008
chr17	57084923	57085024	57084973	3.63498	87.21494
chr17	76121540	76121641	76121590	3.63491	87.21888
chr20	62823128	62823229	62823178	3.63485	87.21974
chr18	48897104	48897205	48897154	3.63478	87.2441
chr16	3282944	3283045	3282994	3.63471	87.25111
chr6	109094972	109095073	109095022	3.63444	87.30264
chr6	36132279	36132380	36132329	3.63438	87.30698
chr1	220272497	220272598	220272547	3.63431	87.32087
chr4	9153006	9153107	9153056	3.63424	87.32662
chr3	197749806	197749907	197749856	3.63411	87.33364
chr14	103094766	103094867	103094816	3.63391	87.35205
chr1	111449549	111449650	111449599	3.63384	87.36304
chr17	7833950	7834051	7834000	3.63343	87.40154
chr2	113889738	113889839	113889788	3.63337	87.40511
chr16	21233718	21233819	21233768	3.6333	87.40711
chr1	241640293	241640394	241640343	3.6331	87.42072
chr17	82716346	82716447	82716396	3.63296	87.4277
chr17	76613324	76613425	76613374	3.63269	87.46302
chr15	43133821	43133922	43133871	3.63256	87.47971
chr19	37906879	37906980	37906929	3.63249	87.4821
chr19	38618847	38618948	38618897	3.63215	87.5031
chr17	62703916	62704017	62703966	3.63202	87.50661
chr17	50346009	50346110	50346059	3.63182	87.52575
chr13	113139213	113139314	113139263	3.63175	87.52965
chr8	60517068	60517169	60517118	3.63168	87.52975
chr12	6689241	6689342	6689291	3.63155	87.53674
chr20	18588088	18588189	18588138	3.63148	87.54669
chr12	56725153	56725254	56725203	3.63141	87.54861
chr20	44401137	44401238	44401187	3.63134	87.55196
chr2	127526312	127526413	127526362	3.63114	87.57847
chr17	78980278	78980379	78980328	3.631	87.58371
chr18	13542128	13542229	13542178	3.63087	87.59004
chr22	38467912	38468013	38467962	3.63073	87.60129
chr16	85000845	85000946	85000895	3.6306	87.60915
chr12	57238950	57239051	57239000	3.63046	87.62887
chr19	48203975	48204076	48204025	3.63039	87.62959
chr22	46013743	46013844	46013793	3.63012	87.63821
chr17	39197646	39197747	39197696	3.63005	87.65978
chr5	43017962	43018063	43018012	3.62985	87.70425
chr1	26350873	26350974	26350923	3.62972	87.7343
chr6	170554514	170554615	170554564	3.62944	87.74652
chr10	86522043	86522144	86522093	3.62863	87.81445
chr14	20454984	20455085	20455034	3.62829	87.86218
chr1	222617733	222617834	222617783	3.6276	87.94371
chr7	65770661	65770762	65770711	3.6274	87.97432
chr16	87789562	87789663	87789612	3.62726	87.98255
chr2	203819837	203819938	203819887	3.62713	88.00243
chr6	33613479	33613580	33613529	3.62699	88.02109
chr6	7910928	7911029	7910978	3.62692	88.0211
chr16	75111113	75111214	75111163	3.62685	88.02583
chr10	123009046	123009147	123009096	3.62672	88.02833
chr20	50275244	50275345	50275294	3.62658	88.03143
chr1	56645251	56645352	56645301	3.62637	88.04971
chr1	174022216	174022317	174022266	3.6261	88.06101
chr11	4393665	4393766	4393715	3.62596	88.06736
chr16	58024829	58024930	58024879	3.62576	88.07906
chr14	44962233	44962334	44962283	3.62555	88.10095
chr6	36196401	36196502	36196451	3.62548	88.10275
chr1	155050901	155051002	155050951	3.62542	88.1033
chr16	87317258	87317359	87317308	3.62535	88.11085
chr5	32585840	32585941	32585890	3.62514	88.14661
chr17	7219848	7219949	7219898	3.6248	88.20687
chr5	179806914	179807015	179806964	3.62473	88.20747
chr1	43548499	43548600	43548549	3.62452	88.21776
chr15	42495571	42495672	42495621	3.62411	88.27503
chr17	75271297	75271398	75271347	3.62404	88.28236
chr2	101961092	101961193	101961142	3.62377	88.30609
chr5	131797307	131797408	131797357	3.62363	88.32284
chr10	73167912	73168013	73167962	3.62321	88.35642
chr11	64888091	64888192	64888141	3.62259	88.42835
chr6	33633153	33633254	33633203	3.62252	88.42969
chr20	2476179	2476280	2476229	3.62239	88.46577
chr12	49967937	49968038	49967987	3.62232	88.47357
chr3	129595101	129595202	129595151	3.62204	88.50969
chr16	14989877	14989978	14989927	3.6219	88.54115
chr5	66144474	66144575	66144524	3.62176	88.54789
chr20	62238467	62238568	62238517	3.6217	88.55528
chr12	130839553	130839654	130839603	3.62156	88.56905
chr9	122931409	122931510	122931459	3.62149	88.57884
chr16	29973878	29973979	29973928	3.62128	88.60555
chr2	190180294	190180395	190180344	3.62107	88.61385
chr2	8525605	8525706	8525655	3.6208	88.62005
chr17	38614106	38614207	38614156	3.62073	88.62012
chr6	27688150	27688251	27688200	3.62045	88.6351
chr16	56657664	56657765	56657714	3.62017	88.6491
chr16	84699690	84699791	84699740	3.6201	88.66086
chr5	33441105	33441206	33441155	3.61962	88.72122
chr6	169801119	169801220	169801169	3.61955	88.72182
chr22	50526429	50526530	50526479	3.61927	88.75455
chr14	23551674	23551775	23551724	3.6192	88.77353
chr19	44846039	44846140	44846089	3.61878	88.83072
chr1	45500087	45500188	45500137	3.61857	88.86212
chr4	2536316	2536417	2536366	3.61836	88.90484
chr2	171894361	171894462	171894411	3.61822	88.91857
chr2	119223724	119223825	119223774	3.61794	88.95533
chr3	9792600	9792701	9792650	3.61787	88.97283
chr11	17276765	17276866	17276815	3.6178	88.97746
chr17	81871578	81871679	81871628	3.61766	89.02473
chr9	114175144	114175245	114175194	3.61752	89.02878
chr12	132426415	132426516	132426465	3.61745	89.0423
chr15	42392628	42392729	42392678	3.61704	89.08225
chr17	82414863	82414964	82414913	3.6169	89.09006
chr17	10729857	10729958	10729907	3.61676	89.09273
chr16	69762596	69762697	69762646	3.61662	89.10179
chr9	132241328	132241429	132241378	3.61655	89.10753
chr9	137407124	137407225	137407174	3.61591	89.20721
chr6	75243696	75243797	75243746	3.6157	89.21542
chr17	3668049	3668150	3668099	3.61563	89.22352
chrX	15675497	15675598	15675547	3.61535	89.24609
chr22	20703270	20703371	20703320	3.61486	89.307
chr16	29891921	29892022	29891971	3.61472	89.32283
chr20	64042204	64042305	64042254	3.61465	89.33536
chr2	189661505	189661606	189661555	3.61458	89.33959
chr19	48738716	48738817	48738766	3.61416	89.36741
chr16	48385456	48385557	48385506	3.61388	89.38958
chr20	41340954	41341055	41341004	3.61381	89.39522
chr15	78149458	78149559	78149508	3.61352	89.45378
chr8	144503057	144503158	144503107	3.61338	89.47495
chr16	50468106	50468207	50468156	3.61331	89.48563
chr9	130450555	130450656	130450605	3.61317	89.49015
chr15	44427396	44427497	44427446	3.61296	89.545
chr6	1313875	1313976	1313925	3.61289	89.55298
chr2	88127971	88128072	88128021	3.61282	89.55471
chr20	33663834	33663935	33663884	3.61275	89.56641
chr6	31665054	31665155	31665104	3.61268	89.57502
chr6	41524786	41524887	41524836	3.61254	89.59355
chr16	50548368	50548469	50548418	3.61232	89.64113
chr14	105487347	105487448	105487397	3.61225	89.64274
chr4	1785280	1785381	1785330	3.61218	89.6566
chr2	43839077	43839178	43839127	3.61197	89.704
chr17	4999181	4999282	4999231	3.61176	89.72111
chrX	135004219	135004320	135004269	3.6114	89.79238
chr4	6927144	6927245	6927194	3.61133	89.81232
chr8	133297380	133297481	133297430	3.61126	89.81238
chr14	100751167	100751268	100751217	3.61112	89.82595
chr2	101002325	101002426	101002375	3.61105	89.82734
chr7	149714748	149714849	149714798	3.61077	89.85153
chr20	31610978	31611079	31611028	3.6107	89.85773
chr16	80540945	80541046	80540995	3.61048	89.8687
chr13	20567265	20567366	20567315	3.61041	89.87535
chr16	67170340	67170441	67170390	3.61034	89.88951
chr16	87384016	87384117	87384066	3.61027	89.89277
chr10	78973201	78973302	78973251	3.60991	89.94251
chr6	48102873	48102974	48102923	3.60977	89.94856
chr1	19338364	19338465	19338414	3.6097	89.95831
chr15	70078900	70079001	70078950	3.60963	89.97731
chr5	179698984	179699085	179699034	3.60949	89.98195
chr19	48738926	48739027	48738976	3.60942	89.99415
chr7	44036548	44036649	44036598	3.60927	90.00752
chr15	30991800	30991901	30991850	3.6092	90.00892
chr12	124863789	124863890	124863839	3.60899	90.02624
chr16	66961352	66961453	66961402	3.60849	90.07466
chr19	1438493	1438594	1438543	3.60778	90.14441
chr17	43983893	43983994	43983943	3.60763	90.14764
chr5	110739105	110739206	110739155	3.60749	90.15964
chr12	57239155	57239256	57239205	3.60742	90.16466
chr16	58129670	58129771	58129720	3.60728	90.18625
chr10	79380139	79380240	79380189	3.60713	90.22746
chr17	43526262	43526363	43526312	3.60706	90.22851
chr6	44257255	44257356	44257305	3.6067	90.24092
chr2	28870438	28870539	28870488	3.60656	90.24603
chr18	62187266	62187367	62187316	3.60635	90.24964
chrX	319155	319256	319205	3.60606	90.27018
chr7	45894078	45894179	45894128	3.60584	90.29646
chr4	705822	705923	705872	3.60577	90.29996
chr12	27214400	27214501	27214450	3.60556	90.35687
chr14	31287189	31287290	31287239	3.60541	90.36361
chr20	54070439	54070540	54070489	3.60534	90.37773
chr9	131402921	131403022	131402971	3.51218	77.06937
chr4	99563860	99563961	99563910	3.51212	77.07041
chr17	76524771	76524872	76524821	3.51202	77.08041
chr17	17303385	17303486	17303435	3.51196	77.10019
chr2	38666266	38666367	38666316	3.51186	77.11233
chr16	4273794	4273895	4273844	3.51164	77.13009
chr1	22025639	22025740	22025689	3.51159	77.1362
chr6	30207296	30207397	30207346	3.51154	77.13847
chr6	166400813	166400914	166400863	3.51148	77.14138
chr6	44096659	44096760	44096709	3.51143	77.14433
chr1	99970118	99970219	99970168	3.51132	77.16754
chr4	120066741	120066842	120066791	3.51084	77.21448
chr9	113609933	113610034	113609983	3.51079	77.21833
chr9	121282048	121282149	121282098	3.51073	77.22847
chr3	8651995	8652096	8652045	3.51063	77.23008
chr2	218782234	218782335	218782284	3.51046	77.2358
chr1	230158979	230159080	230159029	3.5103	77.25303
chr15	99733658	99733759	99733708	3.5102	77.28578
chr19	41888013	41888114	41888063	3.51009	77.29449
chr4	119212762	119212863	119212812	3.51004	77.29456
chr2	62706346	62706447	62706396	3.50998	77.30741
chr14	24818431	24818532	24818481	3.50993	77.30944
chr5	157858994	157859095	157859044	3.50987	77.30979
chr1	6451117	6451218	6451167	3.50982	77.3197
chr19	4670601	4670702	4670651	3.50966	77.32836
chr2	48315433	48315534	48315483	3.50944	77.35439
chr18	31943360	31943461	31943410	3.50939	77.3596
chr7	332778	332879	332828	3.50934	77.37057
chr10	92240010	92240111	92240060	3.50923	77.3726
chr19	11236728	11236829	11236778	3.50912	77.38626
chr3	122795243	122795344	122795293	3.50907	77.39029
chr16	912830	912931	912880	3.50896	77.39598
chr2	61854144	61854245	61854194	3.5088	77.41742
chr16	67155485	67155586	67155535	3.50875	77.42941
chr9	99221776	99221877	99221826	3.50858	77.46665
chr19	7916696	7916797	7916746	3.50853	77.47523
chr15	74541229	74541330	74541279	3.50848	77.48463
chr14	93116396	93116497	93116446	3.50842	77.48547
chr2	106194190	106194291	106194240	3.50821	77.50542
chr7	23299462	23299563	23299512	3.50815	77.52193
chr7	102258473	102258574	102258523	3.50794	77.54882
